image_link,image_name,group_id,entity_name,entity_value
https://m.media-amazon.com/images/I/61Am7goxaFL.jpg,61Am7goxaFL.jpg,178778,depth,3.9 centimetre
https://m.media-amazon.com/images/I/51R8AlSuVKL.jpg,51R8AlSuVKL.jpg,347320,depth,100.0 inch
https://m.media-amazon.com/images/I/51KghPIV6JL.jpg,51KghPIV6JL.jpg,826444,depth,90.0 millimetre
https://m.media-amazon.com/images/I/51gqMA7+K0L.jpg,51gqMA7+K0L.jpg,494658,depth,53.0 centimetre
https://m.media-amazon.com/images/I/51YDWb+0+mL.jpg,51YDWb+0+mL.jpg,861555,depth,217.0 millimetre
https://m.media-amazon.com/images/I/51544S1oCiL.jpg,51544S1oCiL.jpg,667819,depth,16.0 inch
https://m.media-amazon.com/images/I/51brSZcFF7L.jpg,51brSZcFF7L.jpg,675317,depth,1.18 inch
https://m.media-amazon.com/images/I/513bbFLNI+L.jpg,513bbFLNI+L.jpg,943839,depth,65.0 millimetre
https://m.media-amazon.com/images/I/51p84vAQK8L.jpg,51p84vAQK8L.jpg,108478,depth,25.0 centimetre
https://m.media-amazon.com/images/I/51bpjtgntZL.jpg,51bpjtgntZL.jpg,881883,depth,200.0 centimetre
https://m.media-amazon.com/images/I/610FJ8HRCnL.jpg,610FJ8HRCnL.jpg,549052,depth,25.5 centimetre
https://m.media-amazon.com/images/I/41KfWMKeN-L.jpg,41KfWMKeN-L.jpg,281210,depth,26.5 centimetre
https://m.media-amazon.com/images/I/615oTjEYB0L.jpg,615oTjEYB0L.jpg,755711,depth,30.0 millimetre
https://m.media-amazon.com/images/I/61F6wD4fPFL.jpg,61F6wD4fPFL.jpg,630869,depth,21.0 centimetre
https://m.media-amazon.com/images/I/513RMllK3sS.jpg,513RMllK3sS.jpg,675317,depth,1.4 inch
https://m.media-amazon.com/images/I/51mDgaBW3AL.jpg,51mDgaBW3AL.jpg,630869,depth,26.0 centimetre
https://m.media-amazon.com/images/I/51SL+qaaFoL.jpg,51SL+qaaFoL.jpg,784538,depth,19.0 inch
https://m.media-amazon.com/images/I/51-FPHxRNVL.jpg,51-FPHxRNVL.jpg,932012,depth,165.0 centimetre
https://m.media-amazon.com/images/I/61ARfalan2L.jpg,61ARfalan2L.jpg,507619,depth,44.0 centimetre
https://m.media-amazon.com/images/I/51mxkZNEE1L.jpg,51mxkZNEE1L.jpg,752266,depth,40.5 centimetre
https://m.media-amazon.com/images/I/51rLfBrj41L.jpg,51rLfBrj41L.jpg,462731,depth,15.3 centimetre
https://m.media-amazon.com/images/I/51K1dg-p1JL.jpg,51K1dg-p1JL.jpg,681045,depth,10.0 inch
https://m.media-amazon.com/images/I/614qKNpJERL.jpg,614qKNpJERL.jpg,764618,depth,16.0 centimetre
https://m.media-amazon.com/images/I/51Psausg0cL.jpg,51Psausg0cL.jpg,764618,depth,1.6 inch
https://m.media-amazon.com/images/I/514PZXfkndL.jpg,514PZXfkndL.jpg,302672,depth,10.0 centimetre
https://m.media-amazon.com/images/I/410cJXeoXXL.jpg,410cJXeoXXL.jpg,460806,depth,52.0 millimetre
https://m.media-amazon.com/images/I/61A8tKhJYOL.jpg,61A8tKhJYOL.jpg,939129,depth,81.0 centimetre
https://m.media-amazon.com/images/I/51ffwHgimDL.jpg,51ffwHgimDL.jpg,668667,depth,12.0 inch
https://m.media-amazon.com/images/I/51lx2BWnwCL.jpg,51lx2BWnwCL.jpg,101697,depth,20.0 centimetre
https://m.media-amazon.com/images/I/51gi3zObmdL.jpg,51gi3zObmdL.jpg,238051,depth,1700.0 millimetre
https://m.media-amazon.com/images/I/615mn4omBTL.jpg,615mn4omBTL.jpg,396159,depth,110.0 centimetre
https://m.media-amazon.com/images/I/513r0jKjomL.jpg,513r0jKjomL.jpg,460806,depth,67.0 millimetre
https://m.media-amazon.com/images/I/610E8H2PduL.jpg,610E8H2PduL.jpg,929719,depth,5.4 centimetre
https://m.media-amazon.com/images/I/618UHkIYfVL.jpg,618UHkIYfVL.jpg,437623,depth,86.0 millimetre
https://m.media-amazon.com/images/I/51UsX1po5AL.jpg,51UsX1po5AL.jpg,764618,depth,2.5 centimetre
https://m.media-amazon.com/images/I/514HdJuApGL.jpg,514HdJuApGL.jpg,894599,depth,7.5 inch
https://m.media-amazon.com/images/I/51ouIWzczDL.jpg,51ouIWzczDL.jpg,208023,depth,9.1 inch
https://m.media-amazon.com/images/I/51xfYe7JrdL.jpg,51xfYe7JrdL.jpg,220662,depth,10.5 centimetre
https://m.media-amazon.com/images/I/41ludF9qtlL.jpg,41ludF9qtlL.jpg,675317,depth,65.0 millimetre
https://m.media-amazon.com/images/I/51hCoj4WCYL.jpg,51hCoj4WCYL.jpg,693845,depth,74.0 centimetre
https://m.media-amazon.com/images/I/612C3zzoQ1L.jpg,612C3zzoQ1L.jpg,518578,depth,435.0 millimetre
https://m.media-amazon.com/images/I/51XHkroI3pL.jpg,51XHkroI3pL.jpg,995106,depth,9.0 inch
https://m.media-amazon.com/images/I/51v3GYx3eeL.jpg,51v3GYx3eeL.jpg,278696,depth,12.0 inch
https://m.media-amazon.com/images/I/61-FYJcz2iL.jpg,61-FYJcz2iL.jpg,573063,depth,6.0 inch
https://m.media-amazon.com/images/I/61+iPlST-xL.jpg,61+iPlST-xL.jpg,460806,depth,38.0 millimetre
https://m.media-amazon.com/images/I/51GzV0nG31L.jpg,51GzV0nG31L.jpg,675317,depth,132.0 millimetre
https://m.media-amazon.com/images/I/61FDpscOSfL.jpg,61FDpscOSfL.jpg,661582,depth,35.1 centimetre
https://m.media-amazon.com/images/I/614YBuEZIFL.jpg,614YBuEZIFL.jpg,653767,depth,45.0 centimetre
https://m.media-amazon.com/images/I/51nqY69f2JL.jpg,51nqY69f2JL.jpg,784538,depth,20.0 centimetre
https://m.media-amazon.com/images/I/415X8zA-VPL.jpg,415X8zA-VPL.jpg,758128,depth,600.0 centimetre
https://m.media-amazon.com/images/I/512ahPdiQ-L.jpg,512ahPdiQ-L.jpg,713791,depth,128.0 millimetre
https://m.media-amazon.com/images/I/51EpsPD4e4L.jpg,51EpsPD4e4L.jpg,944936,depth,4.4 inch
https://m.media-amazon.com/images/I/51Z96EJWM2L.jpg,51Z96EJWM2L.jpg,667819,depth,15.0 centimetre
https://m.media-amazon.com/images/I/6151JYNnFRL.jpg,6151JYNnFRL.jpg,982714,depth,205.0 millimetre
https://m.media-amazon.com/images/I/513lGLOqLhL.jpg,513lGLOqLhL.jpg,569206,depth,28.5 centimetre
https://m.media-amazon.com/images/I/51Af0d59moL.jpg,51Af0d59moL.jpg,922709,depth,200.0 millimetre
https://m.media-amazon.com/images/I/512NGfseGmL.jpg,512NGfseGmL.jpg,846116,depth,85.0 millimetre
https://m.media-amazon.com/images/I/611RmFwNKEL.jpg,611RmFwNKEL.jpg,208023,depth,15.0 centimetre
https://m.media-amazon.com/images/I/61DD27by3gL.jpg,61DD27by3gL.jpg,612552,depth,54.0 inch
https://m.media-amazon.com/images/I/41MJzSHRSQL.jpg,41MJzSHRSQL.jpg,916768,depth,9.5 centimetre
https://m.media-amazon.com/images/I/614AfQ9Y8eL.jpg,614AfQ9Y8eL.jpg,579652,depth,19.0 inch
https://m.media-amazon.com/images/I/51Q6x-eoobL.jpg,51Q6x-eoobL.jpg,630869,depth,50.0 millimetre
https://m.media-amazon.com/images/I/616mJOKMPiL.jpg,616mJOKMPiL.jpg,340151,depth,15.5 centimetre
https://m.media-amazon.com/images/I/51l0xpuctPL.jpg,51l0xpuctPL.jpg,487566,depth,75.0 inch
https://m.media-amazon.com/images/I/51bJ3dVdYFL.jpg,51bJ3dVdYFL.jpg,858439,depth,220.0 millimetre
https://m.media-amazon.com/images/I/51v11Y+Q3QL.jpg,51v11Y+Q3QL.jpg,966823,depth,3.0 inch
https://m.media-amazon.com/images/I/51dKyPsBJ-L.jpg,51dKyPsBJ-L.jpg,784538,depth,16.5 inch
https://m.media-amazon.com/images/I/51FCFXgSxOL.jpg,51FCFXgSxOL.jpg,752266,depth,7.9 inch
https://m.media-amazon.com/images/I/617lMuKgGTL.jpg,617lMuKgGTL.jpg,130202,depth,2.0 centimetre
https://m.media-amazon.com/images/I/41M131kGA1L.jpg,41M131kGA1L.jpg,675317,depth,2.24 inch
https://m.media-amazon.com/images/I/51klElrdl9L.jpg,51klElrdl9L.jpg,843434,depth,22.0 centimetre
https://m.media-amazon.com/images/I/413TzJzX-XL.jpg,413TzJzX-XL.jpg,675317,depth,1.97 inch
https://m.media-amazon.com/images/I/51SjjPbql9L.jpg,51SjjPbql9L.jpg,991868,depth,25.0 centimetre
https://m.media-amazon.com/images/I/61BypoGBksL.jpg,61BypoGBksL.jpg,156839,depth,32.0 centimetre
https://m.media-amazon.com/images/I/51p6Zm6fnDL.jpg,51p6Zm6fnDL.jpg,793731,depth,107.0 millimetre
https://m.media-amazon.com/images/I/611YWzl5EJL.jpg,611YWzl5EJL.jpg,752266,depth,78.0 centimetre
https://m.media-amazon.com/images/I/617r6+Ub6-L.jpg,617r6+Ub6-L.jpg,487566,depth,150.0 centimetre
https://m.media-amazon.com/images/I/51C8cb-Ef7L.jpg,51C8cb-Ef7L.jpg,130202,depth,3.0 inch
https://m.media-amazon.com/images/I/614RopCMfCL.jpg,614RopCMfCL.jpg,720553,depth,55.0 inch
https://m.media-amazon.com/images/I/6174rSipd5L.jpg,6174rSipd5L.jpg,916768,depth,10.9 centimetre
https://m.media-amazon.com/images/I/51b+Qp6s+PL.jpg,51b+Qp6s+PL.jpg,864320,depth,36.0 centimetre
https://m.media-amazon.com/images/I/41lVxVCr8OL.jpg,41lVxVCr8OL.jpg,943839,depth,53.0 millimetre
https://m.media-amazon.com/images/I/51B-sWuftWL.jpg,51B-sWuftWL.jpg,658003,depth,25.5 centimetre
https://m.media-amazon.com/images/I/51wKtdffJsL.jpg,51wKtdffJsL.jpg,185935,depth,4.92 inch
https://m.media-amazon.com/images/I/51DtyI06rIL.jpg,51DtyI06rIL.jpg,523195,depth,2.5 centimetre
https://m.media-amazon.com/images/I/51I+HGgP2DL.jpg,51I+HGgP2DL.jpg,514726,depth,30.0 inch
https://m.media-amazon.com/images/I/41Iem7vk-RL.jpg,41Iem7vk-RL.jpg,683885,depth,8.66 inch
https://m.media-amazon.com/images/I/61-p2adkcmL.jpg,61-p2adkcmL.jpg,180726,depth,8.0 millimetre
https://m.media-amazon.com/images/I/61DlIvdCFFL.jpg,61DlIvdCFFL.jpg,119607,depth,13.0 centimetre
https://m.media-amazon.com/images/I/51k1LnlV-5L.jpg,51k1LnlV-5L.jpg,849273,depth,7.5 inch
https://m.media-amazon.com/images/I/617X0hEZzYL.jpg,617X0hEZzYL.jpg,865020,depth,76.0 centimetre
https://m.media-amazon.com/images/I/51IMtFPhYaL.jpg,51IMtFPhYaL.jpg,751532,depth,190.5 centimetre
https://m.media-amazon.com/images/I/51OSeR2p6AL.jpg,51OSeR2p6AL.jpg,781426,depth,200.0 centimetre
https://m.media-amazon.com/images/I/61Fng2jKc7L.jpg,61Fng2jKc7L.jpg,641642,depth,3.0 metre
https://m.media-amazon.com/images/I/615OCrEMkcL.jpg,615OCrEMkcL.jpg,784538,depth,132.0 centimetre
https://m.media-amazon.com/images/I/61FPW-jIXJL.jpg,61FPW-jIXJL.jpg,675317,depth,38.0 millimetre
https://m.media-amazon.com/images/I/51sEfzb0E9L.jpg,51sEfzb0E9L.jpg,126471,depth,188.0 centimetre
https://m.media-amazon.com/images/I/61EfS7q3v2L.jpg,61EfS7q3v2L.jpg,119607,depth,17.7 inch
https://m.media-amazon.com/images/I/61BIe1lT80L.jpg,61BIe1lT80L.jpg,861555,depth,20.0 centimetre
https://m.media-amazon.com/images/I/617i5WDksRL.jpg,617i5WDksRL.jpg,347320,depth,66.0 centimetre
https://m.media-amazon.com/images/I/51sVa6qgr9L.jpg,51sVa6qgr9L.jpg,300630,depth,12.0 centimetre
https://m.media-amazon.com/images/I/61+9vtxdD5L.jpg,61+9vtxdD5L.jpg,623491,depth,3.0 centimetre
https://m.media-amazon.com/images/I/51EVghKiZpL.jpg,51EVghKiZpL.jpg,242256,depth,2.0 metre
https://m.media-amazon.com/images/I/51fOTTn1OBL.jpg,51fOTTn1OBL.jpg,675317,depth,15.0 centimetre
https://m.media-amazon.com/images/I/618JHtZ0RDL.jpg,618JHtZ0RDL.jpg,408581,depth,18.0 centimetre
https://m.media-amazon.com/images/I/617K5Exvn2L.jpg,617K5Exvn2L.jpg,750883,depth,25.0 millimetre
https://m.media-amazon.com/images/I/615ih5OJ5XL.jpg,615ih5OJ5XL.jpg,675317,depth,145.0 millimetre
https://m.media-amazon.com/images/I/61-T8NDxIXL.jpg,61-T8NDxIXL.jpg,847223,depth,4.37 inch
https://m.media-amazon.com/images/I/61DmExEu4vL.jpg,61DmExEu4vL.jpg,861555,depth,22.0 centimetre
https://m.media-amazon.com/images/I/61Af3RENj7L.jpg,61Af3RENj7L.jpg,449805,depth,190.0 centimetre
https://m.media-amazon.com/images/I/61DEJ0vD4+L.jpg,61DEJ0vD4+L.jpg,242256,depth,18.0 inch
https://m.media-amazon.com/images/I/51u0sWm6uWL.jpg,51u0sWm6uWL.jpg,358831,depth,114.0 centimetre
https://m.media-amazon.com/images/I/31PVFq9o8NL.jpg,31PVFq9o8NL.jpg,983812,depth,4.3 inch
https://m.media-amazon.com/images/I/61G1ZeArkZL.jpg,61G1ZeArkZL.jpg,340151,depth,10.0 inch
https://m.media-amazon.com/images/I/61E7vGG7taL.jpg,61E7vGG7taL.jpg,992107,depth,31.75 centimetre
https://m.media-amazon.com/images/I/61EibgejjwL.jpg,61EibgejjwL.jpg,487566,depth,120.0 centimetre
https://m.media-amazon.com/images/I/615szmmtuhL.jpg,615szmmtuhL.jpg,784538,depth,24.0 inch
https://m.media-amazon.com/images/I/611PKUwJBTL.jpg,611PKUwJBTL.jpg,150535,depth,18.0 centimetre
https://m.media-amazon.com/images/I/617jK6SmssL.jpg,617jK6SmssL.jpg,486636,depth,33.3 centimetre
https://m.media-amazon.com/images/I/51X7z-snndL.jpg,51X7z-snndL.jpg,658003,depth,13.0 inch
https://m.media-amazon.com/images/I/51yx-RG4r9L.jpg,51yx-RG4r9L.jpg,126471,depth,78.0 inch
https://m.media-amazon.com/images/I/51J5DXM0inL.jpg,51J5DXM0inL.jpg,667819,depth,7.0 inch
https://m.media-amazon.com/images/I/41A-xC42nPL.jpg,41A-xC42nPL.jpg,784538,depth,6.3 inch
https://m.media-amazon.com/images/I/61DjK8LOYCL.jpg,61DjK8LOYCL.jpg,675317,depth,1.38 inch
https://m.media-amazon.com/images/I/51U4jbNu3UL.jpg,51U4jbNu3UL.jpg,752266,depth,550.0 millimetre
https://m.media-amazon.com/images/I/617E6iSY7TL.jpg,617E6iSY7TL.jpg,558806,height,5.3 inch
https://m.media-amazon.com/images/I/615RXHRiCeL.jpg,615RXHRiCeL.jpg,480845,height,10.16 centimetre
https://m.media-amazon.com/images/I/618e4JBlySL.jpg,618e4JBlySL.jpg,417434,height,55.0 centimetre
https://m.media-amazon.com/images/I/512togrPRWS.jpg,512togrPRWS.jpg,752266,height,22.0 millimetre
https://m.media-amazon.com/images/I/51BEuD9O1xL.jpg,51BEuD9O1xL.jpg,442321,height,28.3 inch
https://m.media-amazon.com/images/I/41YL4Zd434L.jpg,41YL4Zd434L.jpg,801829,height,42.0 inch
https://m.media-amazon.com/images/I/41RoQb62F4L.jpg,41RoQb62F4L.jpg,823083,height,30.0 centimetre
https://m.media-amazon.com/images/I/51huRiwWonL.jpg,51huRiwWonL.jpg,318766,height,30.7 inch
https://m.media-amazon.com/images/I/51Og-Te5QRL.jpg,51Og-Te5QRL.jpg,970563,height,21.0 millimetre
https://m.media-amazon.com/images/I/61+NIZOm-gL.jpg,61+NIZOm-gL.jpg,276611,height,60.0 centimetre
https://m.media-amazon.com/images/I/51BptQ-n2RL.jpg,51BptQ-n2RL.jpg,849273,height,31.0 centimetre
https://m.media-amazon.com/images/I/4137LUd3skL.jpg,4137LUd3skL.jpg,997176,height,27.5 centimetre
https://m.media-amazon.com/images/I/51FQoxpAi9L.jpg,51FQoxpAi9L.jpg,849273,height,43.0 centimetre
https://m.media-amazon.com/images/I/41lkvY-R9cL.jpg,41lkvY-R9cL.jpg,913156,height,43.0 centimetre
https://m.media-amazon.com/images/I/51GuaIkmb1L.jpg,51GuaIkmb1L.jpg,292475,height,25.0 centimetre
https://m.media-amazon.com/images/I/51N9mWmHaXL.jpg,51N9mWmHaXL.jpg,488883,height,82.0 centimetre
https://m.media-amazon.com/images/I/41bRrtoN+lL.jpg,41bRrtoN+lL.jpg,861555,height,2.4 inch
https://m.media-amazon.com/images/I/51q9P6oi4-L.jpg,51q9P6oi4-L.jpg,178778,height,21.0 centimetre
https://m.media-amazon.com/images/I/51ZgFDHmsmL.jpg,51ZgFDHmsmL.jpg,681445,height,10.0 inch
https://m.media-amazon.com/images/I/612eu1IOs1L.jpg,612eu1IOs1L.jpg,278850,height,5.8 centimetre
https://m.media-amazon.com/images/I/616Z+E5rTDL.jpg,616Z+E5rTDL.jpg,648011,height,4.0 inch
https://m.media-amazon.com/images/I/41BZk-x2OYL.jpg,41BZk-x2OYL.jpg,652661,height,8.0 centimetre
https://m.media-amazon.com/images/I/51-cDF5RasS.jpg,51-cDF5RasS.jpg,357997,height,245.0 centimetre
https://m.media-amazon.com/images/I/619TjkGiV2L.jpg,619TjkGiV2L.jpg,963595,height,15.0 millimetre
https://m.media-amazon.com/images/I/51cedL14YeL.jpg,51cedL14YeL.jpg,470067,height,4.8 inch
https://m.media-amazon.com/images/I/615j3efLSpL.jpg,615j3efLSpL.jpg,752266,height,35.0 inch
https://m.media-amazon.com/images/I/51-Y5GDK69L.jpg,51-Y5GDK69L.jpg,752266,height,60.0 centimetre
https://m.media-amazon.com/images/I/51kRGkj1K+L.jpg,51kRGkj1K+L.jpg,916768,height,7.0 centimetre
https://m.media-amazon.com/images/I/51LoNrKIv7L.jpg,51LoNrKIv7L.jpg,149708,height,70.0 centimetre
https://m.media-amazon.com/images/I/51wz1S8jugL.jpg,51wz1S8jugL.jpg,357074,height,60.0 millimetre
https://m.media-amazon.com/images/I/61DBjw1FwZL.jpg,61DBjw1FwZL.jpg,237000,height,33.0 inch
https://m.media-amazon.com/images/I/511czka-P6L.jpg,511czka-P6L.jpg,276611,height,84.0 inch
https://m.media-amazon.com/images/I/61-YnS7M-5L.jpg,61-YnS7M-5L.jpg,558806,height,2.0 inch
https://m.media-amazon.com/images/I/51YuHAjGQaL.jpg,51YuHAjGQaL.jpg,752266,height,14.01 inch
https://m.media-amazon.com/images/I/51Tx24rbb6L.jpg,51Tx24rbb6L.jpg,721522,height,4.5 centimetre
https://m.media-amazon.com/images/I/51ftC-0CEWL.jpg,51ftC-0CEWL.jpg,752266,height,63.0 millimetre
https://m.media-amazon.com/images/I/51hmcFnQTfL.jpg,51hmcFnQTfL.jpg,470067,height,10.0 centimetre
https://m.media-amazon.com/images/I/51J0wP-GiTS.jpg,51J0wP-GiTS.jpg,292475,height,2.95 inch
https://m.media-amazon.com/images/I/51Y4+OMTG4S.jpg,51Y4+OMTG4S.jpg,351545,height,0.75 inch
https://m.media-amazon.com/images/I/61FPpCCiErS.jpg,61FPpCCiErS.jpg,237000,height,265.0 centimetre
https://m.media-amazon.com/images/I/511+XcNfR4L.jpg,511+XcNfR4L.jpg,488883,height,45.0 centimetre
https://m.media-amazon.com/images/I/51FK8EXhqaL.jpg,51FK8EXhqaL.jpg,244283,height,380.0 millimetre
https://m.media-amazon.com/images/I/51U+CLC3eKL.jpg,51U+CLC3eKL.jpg,362818,height,25.4 centimetre
https://m.media-amazon.com/images/I/41+Hys7jA4L.jpg,41+Hys7jA4L.jpg,945489,height,98.0 millimetre
https://m.media-amazon.com/images/I/416Nii7TTfL.jpg,416Nii7TTfL.jpg,276611,height,1.88 metre
https://m.media-amazon.com/images/I/619TEaW5tdL.jpg,619TEaW5tdL.jpg,311997,height,72.0 inch
https://m.media-amazon.com/images/I/51tj1qbA2QL.jpg,51tj1qbA2QL.jpg,351134,height,19.0 centimetre
https://m.media-amazon.com/images/I/41wA2erlQtL.jpg,41wA2erlQtL.jpg,751532,height,69.5 centimetre
https://m.media-amazon.com/images/I/619FhupVFbL.jpg,619FhupVFbL.jpg,226504,height,10.0 centimetre
https://m.media-amazon.com/images/I/41RQj-qsG-L.jpg,41RQj-qsG-L.jpg,801829,height,91.95 centimetre
https://m.media-amazon.com/images/I/51CKMtFv0OL.jpg,51CKMtFv0OL.jpg,478357,height,25.6 inch
https://m.media-amazon.com/images/I/51dg45iZZOL.jpg,51dg45iZZOL.jpg,916768,height,16.0 centimetre
https://m.media-amazon.com/images/I/61F-6XODqyL.jpg,61F-6XODqyL.jpg,417434,height,25.0 millimetre
https://m.media-amazon.com/images/I/51NjQHnc0iL.jpg,51NjQHnc0iL.jpg,178778,height,13.5 centimetre
https://m.media-amazon.com/images/I/61+jtM-SHsL.jpg,61+jtM-SHsL.jpg,340151,height,3.0 inch
https://m.media-amazon.com/images/I/51W0pVzzgHL.jpg,51W0pVzzgHL.jpg,558806,height,4.72 inch
https://m.media-amazon.com/images/I/61+YICBKe-L.jpg,61+YICBKe-L.jpg,209695,height,38.0 centimetre
https://m.media-amazon.com/images/I/61+9cZiPsnL.jpg,61+9cZiPsnL.jpg,416664,height,10.25 inch
https://m.media-amazon.com/images/I/61D-xIpg8lL.jpg,61D-xIpg8lL.jpg,225251,height,50.0 centimetre
https://m.media-amazon.com/images/I/51MJzFf6PCL.jpg,51MJzFf6PCL.jpg,810266,height,9.5 centimetre
https://m.media-amazon.com/images/I/514Z7yPfvmL.jpg,514Z7yPfvmL.jpg,916768,height,5.07 inch
https://m.media-amazon.com/images/I/613kveqX-sL.jpg,613kveqX-sL.jpg,594224,height,22.0 centimetre
https://m.media-amazon.com/images/I/518EhSmGD-L.jpg,518EhSmGD-L.jpg,648011,height,80.0 millimetre
https://m.media-amazon.com/images/I/614hDd0dBNL.jpg,614hDd0dBNL.jpg,810266,height,15.0 centimetre
https://m.media-amazon.com/images/I/61+Xed2hrqL.jpg,61+Xed2hrqL.jpg,752266,height,7.9 inch
https://m.media-amazon.com/images/I/51dvpLaii4S.jpg,51dvpLaii4S.jpg,599772,height,45.0 inch
https://m.media-amazon.com/images/I/618QpzA76dL.jpg,618QpzA76dL.jpg,982714,height,2.0 inch
https://m.media-amazon.com/images/I/61-eIAXgpuL.jpg,61-eIAXgpuL.jpg,823083,height,4.7 inch
https://m.media-amazon.com/images/I/511fu6hl+ZL.jpg,511fu6hl+ZL.jpg,178778,height,12.5 centimetre
https://m.media-amazon.com/images/I/61EpSmMka3L.jpg,61EpSmMka3L.jpg,558806,height,11.5 centimetre
https://m.media-amazon.com/images/I/51LdVg3bhlL.jpg,51LdVg3bhlL.jpg,640408,height,131.4 millimetre
https://m.media-amazon.com/images/I/51Yprcq0zTL.jpg,51Yprcq0zTL.jpg,916768,height,14.75 centimetre
https://m.media-amazon.com/images/I/51iDEMiaexL.jpg,51iDEMiaexL.jpg,483370,height,10.0 centimetre
https://m.media-amazon.com/images/I/51nkXqn8axL.jpg,51nkXqn8axL.jpg,611510,height,51.0 centimetre
https://m.media-amazon.com/images/I/51ZusJOLpXL.jpg,51ZusJOLpXL.jpg,658003,height,45.0 centimetre
https://m.media-amazon.com/images/I/51RKW-EIGNL.jpg,51RKW-EIGNL.jpg,312608,height,55.0 centimetre
https://m.media-amazon.com/images/I/51key6R7HTL.jpg,51key6R7HTL.jpg,801829,height,37.0 inch
https://m.media-amazon.com/images/I/612Aw+lox-L.jpg,612Aw+lox-L.jpg,752266,height,13.0 centimetre
https://m.media-amazon.com/images/I/51VI4hbR1+L.jpg,51VI4hbR1+L.jpg,652661,height,11.8 inch
https://m.media-amazon.com/images/I/51Drc0IkvJL.jpg,51Drc0IkvJL.jpg,599772,height,3.4 inch
https://m.media-amazon.com/images/I/51vWqQe0HaL.jpg,51vWqQe0HaL.jpg,970563,height,72.0 centimetre
https://m.media-amazon.com/images/I/51eeVq00aoL.jpg,51eeVq00aoL.jpg,913156,height,38.5 centimetre
https://m.media-amazon.com/images/I/61--dYGNw8L.jpg,61--dYGNw8L.jpg,478357,height,26.0 inch
https://m.media-amazon.com/images/I/51iT9Y3HyfL.jpg,51iT9Y3HyfL.jpg,558806,height,3.5 inch
https://m.media-amazon.com/images/I/51bIBmoHDgL.jpg,51bIBmoHDgL.jpg,843434,height,25.4 centimetre
https://m.media-amazon.com/images/I/618fUvmOCYL.jpg,618fUvmOCYL.jpg,276611,height,75.25 inch
https://m.media-amazon.com/images/I/614PZ1Yz+ML.jpg,614PZ1Yz+ML.jpg,752266,height,161.0 centimetre
https://m.media-amazon.com/images/I/41r7+r8TACL.jpg,41r7+r8TACL.jpg,549052,height,8.66 inch
https://m.media-amazon.com/images/I/51ECFAYIGSL.jpg,51ECFAYIGSL.jpg,416664,height,175.0 centimetre
https://m.media-amazon.com/images/I/51Wvnq5FjJL.jpg,51Wvnq5FjJL.jpg,237000,height,96.0 centimetre
https://m.media-amazon.com/images/I/51vMEfqLfmL.jpg,51vMEfqLfmL.jpg,776058,height,5.0 centimetre
https://m.media-amazon.com/images/I/51P3ahL9K+L.jpg,51P3ahL9K+L.jpg,545902,height,15.2 centimetre
https://m.media-amazon.com/images/I/51HAt3Q4+cL.jpg,51HAt3Q4+cL.jpg,849273,height,25.0 centimetre
https://m.media-amazon.com/images/I/613QEE-2cFL.jpg,613QEE-2cFL.jpg,865020,height,24.0 inch
https://m.media-amazon.com/images/I/51cpky1sIlL.jpg,51cpky1sIlL.jpg,648011,height,58.0 millimetre
https://m.media-amazon.com/images/I/51ob6zwIfVL.jpg,51ob6zwIfVL.jpg,598375,height,23.0 centimetre
https://m.media-amazon.com/images/I/515c84ygGoL.jpg,515c84ygGoL.jpg,861555,height,10.0 centimetre
https://m.media-amazon.com/images/I/512xCtkF4nL.jpg,512xCtkF4nL.jpg,752266,height,75.0 millimetre
https://m.media-amazon.com/images/I/51sPflanu3L.jpg,51sPflanu3L.jpg,478357,height,33.8 inch
https://m.media-amazon.com/images/I/612K+MleytL.jpg,612K+MleytL.jpg,659650,height,2.5 inch
https://m.media-amazon.com/images/I/61-dVF5iZOL.jpg,61-dVF5iZOL.jpg,416664,height,36.0 inch
https://m.media-amazon.com/images/I/51KY5fdXiWL.jpg,51KY5fdXiWL.jpg,347404,height,60.0 millimetre
https://m.media-amazon.com/images/I/51MNlvSYDJS.jpg,51MNlvSYDJS.jpg,826444,height,3.5 centimetre
https://m.media-amazon.com/images/I/51W-ih1F3YL.jpg,51W-ih1F3YL.jpg,931856,height,19.0 inch
https://m.media-amazon.com/images/I/51UEKDsxuVL.jpg,51UEKDsxuVL.jpg,752266,height,133.0 millimetre
https://m.media-amazon.com/images/I/51aNdU2SWHL.jpg,51aNdU2SWHL.jpg,550840,height,41.0 millimetre
https://m.media-amazon.com/images/I/61D5qn2Ay8L.jpg,61D5qn2Ay8L.jpg,558806,height,4.35 inch
https://m.media-amazon.com/images/I/61416ND7BwS.jpg,61416ND7BwS.jpg,120219,height,12.7 centimetre
https://m.media-amazon.com/images/I/51TKElY+z8L.jpg,51TKElY+z8L.jpg,856665,height,195.0 millimetre
https://m.media-amazon.com/images/I/518CgzxnwwL.jpg,518CgzxnwwL.jpg,521308,height,84.0 centimetre
https://m.media-amazon.com/images/I/61B41F0+oAL.jpg,61B41F0+oAL.jpg,347404,height,3.0 inch
https://m.media-amazon.com/images/I/6178sJf9E3L.jpg,6178sJf9E3L.jpg,524117,height,2.23 inch
https://m.media-amazon.com/images/I/614R6H2IiDL.jpg,614R6H2IiDL.jpg,752266,height,1.0 inch
https://m.media-amazon.com/images/I/51fedm6K0CL.jpg,51fedm6K0CL.jpg,459271,height,2.3 metre
https://m.media-amazon.com/images/I/51E5iMVdLwL.jpg,51E5iMVdLwL.jpg,416664,height,35.0 centimetre
https://m.media-amazon.com/images/I/51qud8XmK-L.jpg,51qud8XmK-L.jpg,801829,height,34.0 inch
https://m.media-amazon.com/images/I/51MQOd95fnL.jpg,51MQOd95fnL.jpg,464488,height,6.42 inch
https://m.media-amazon.com/images/I/51Hw7m6F0LL.jpg,51Hw7m6F0LL.jpg,589105,height,5.0 inch
https://m.media-amazon.com/images/I/61+hj-lOAYL.jpg,61+hj-lOAYL.jpg,752266,height,70.8 inch
https://m.media-amazon.com/images/I/615WUY2mJ2S.jpg,615WUY2mJ2S.jpg,459271,height,69.3 inch
https://m.media-amazon.com/images/I/614kx05TVPL.jpg,614kx05TVPL.jpg,284992,height,33.0 centimetre
https://m.media-amazon.com/images/I/41SgZlRjhuL.jpg,41SgZlRjhuL.jpg,913156,height,38.0 centimetre
https://m.media-amazon.com/images/I/610+rM0RJTL.jpg,610+rM0RJTL.jpg,142748,height,240.0 centimetre
https://m.media-amazon.com/images/I/611RzT4J93L.jpg,611RzT4J93L.jpg,442321,height,28.07 inch
https://m.media-amazon.com/images/I/51ogsjSmURL.jpg,51ogsjSmURL.jpg,470067,height,282.0 millimetre
https://m.media-amazon.com/images/I/81FkSx0prEL.jpg,81FkSx0prEL.jpg,916768,item_volume,25.0 pint
https://m.media-amazon.com/images/I/81gHUqN5PZL.jpg,81gHUqN5PZL.jpg,557758,item_volume,16.0 fluid ounce
https://m.media-amazon.com/images/I/71idPLeOqIL.jpg,71idPLeOqIL.jpg,459516,item_volume,"[8.0, 12.0] fluid ounce"
https://m.media-amazon.com/images/I/71DdnoHPb9L.jpg,71DdnoHPb9L.jpg,459516,item_volume,2.0 millilitre
https://m.media-amazon.com/images/I/714Hq8eCbpL.jpg,714Hq8eCbpL.jpg,254449,item_volume,2.0 fluid ounce
https://m.media-amazon.com/images/I/91xmKmxc06L.jpg,91xmKmxc06L.jpg,884560,item_volume,250.0 millilitre
https://m.media-amazon.com/images/I/91EMY-+JoNL.jpg,91EMY-+JoNL.jpg,459516,item_volume,"[1.0, 1.6] millilitre"
https://m.media-amazon.com/images/I/81DEg8pW2GL.jpg,81DEg8pW2GL.jpg,369753,item_volume,0.7 fluid ounce
https://m.media-amazon.com/images/I/91ZBqOaQGiL.jpg,91ZBqOaQGiL.jpg,373285,item_volume,8.0 fluid ounce
https://m.media-amazon.com/images/I/51LiJ2ltLTS.jpg,51LiJ2ltLTS.jpg,369753,item_volume,60.0 millilitre
https://m.media-amazon.com/images/I/51CMQL8H-XL.jpg,51CMQL8H-XL.jpg,369753,item_volume,3.52 fluid ounce
https://m.media-amazon.com/images/I/71PSmBF6pRL.jpg,71PSmBF6pRL.jpg,281678,item_volume,22.0 gallon
https://m.media-amazon.com/images/I/816kgza-NKL.jpg,816kgza-NKL.jpg,459516,item_volume,2.5 fluid ounce
https://m.media-amazon.com/images/I/71KmLg8bG8L.jpg,71KmLg8bG8L.jpg,459516,item_volume,4.0 fluid ounce
https://m.media-amazon.com/images/I/71EPtrcWArL.jpg,71EPtrcWArL.jpg,916768,item_volume,970.0 millilitre
https://m.media-amazon.com/images/I/81owwudAD2L.jpg,81owwudAD2L.jpg,281678,item_volume,175.0 millilitre
https://m.media-amazon.com/images/I/81y7wippvQL.jpg,81y7wippvQL.jpg,916768,item_volume,1.0 litre
https://m.media-amazon.com/images/I/71smyxl4D0L.jpg,71smyxl4D0L.jpg,459516,item_volume,30.0 millilitre
https://m.media-amazon.com/images/I/81lEh56i+qL.jpg,81lEh56i+qL.jpg,884560,item_volume,150.0 millilitre
https://m.media-amazon.com/images/I/7137DtOm1WL.jpg,7137DtOm1WL.jpg,459516,item_volume,1.0 decilitre
https://m.media-amazon.com/images/I/91TrQdDNltL.jpg,91TrQdDNltL.jpg,557758,item_volume,22.0 cup
https://m.media-amazon.com/images/I/71pcFv3VM4L.jpg,71pcFv3VM4L.jpg,254449,item_volume,8.0 fluid ounce
https://m.media-amazon.com/images/I/71sjwyYu2UL.jpg,71sjwyYu2UL.jpg,916768,item_volume,6841.0 millilitre
https://m.media-amazon.com/images/I/51q5cWLf9-L.jpg,51q5cWLf9-L.jpg,916768,item_volume,2800.0 millilitre
https://m.media-amazon.com/images/I/518culbuQBS.jpg,518culbuQBS.jpg,625842,item_volume,2.65 gallon
https://m.media-amazon.com/images/I/815s22p4GOL.jpg,815s22p4GOL.jpg,373285,item_volume,335.0 millilitre
https://m.media-amazon.com/images/I/61V-dOM5myL.jpg,61V-dOM5myL.jpg,369753,item_volume,60.0 millilitre
https://m.media-amazon.com/images/I/915aBe5cwYL.jpg,915aBe5cwYL.jpg,884560,item_volume,16.5 litre
https://m.media-amazon.com/images/I/719-4Q-dbCL.jpg,719-4Q-dbCL.jpg,281678,item_volume,0.68 fluid ounce
https://m.media-amazon.com/images/I/71ztATxsQhL.jpg,71ztATxsQhL.jpg,459516,item_volume,60.0 millilitre
https://m.media-amazon.com/images/I/615jkIGVvNL.jpg,615jkIGVvNL.jpg,369753,item_volume,15.0 millilitre
https://m.media-amazon.com/images/I/81mbfr0-q6L.jpg,81mbfr0-q6L.jpg,916768,item_volume,1.0 cup
https://m.media-amazon.com/images/I/61+eYLlSS4L.jpg,61+eYLlSS4L.jpg,625842,item_volume,1.65 cubic inch
https://m.media-amazon.com/images/I/71Y1hfPykTL.jpg,71Y1hfPykTL.jpg,369753,item_volume,1.0 quart
https://m.media-amazon.com/images/I/91+No1yJ4tL.jpg,91+No1yJ4tL.jpg,281678,item_volume,"[70.0, 100.0] millilitre"
https://m.media-amazon.com/images/I/71daNqmgOSL.jpg,71daNqmgOSL.jpg,281678,item_volume,1.62 fluid ounce
https://m.media-amazon.com/images/I/71rv8SRQroL.jpg,71rv8SRQroL.jpg,916768,item_volume,7.0 millilitre
https://m.media-amazon.com/images/I/61BvQgyXSzL.jpg,61BvQgyXSzL.jpg,281678,item_volume,1.0 litre
https://m.media-amazon.com/images/I/41VY4lGv03L.jpg,41VY4lGv03L.jpg,225091,item_volume,250.0 millilitre
https://m.media-amazon.com/images/I/51E3CdTlAHL.jpg,51E3CdTlAHL.jpg,459516,item_volume,16.0 fluid ounce
https://m.media-amazon.com/images/I/71kJ1Q8e1wL.jpg,71kJ1Q8e1wL.jpg,281678,item_volume,30.0 gallon
https://m.media-amazon.com/images/I/519uMx2tw6L.jpg,519uMx2tw6L.jpg,281678,item_volume,8.0 fluid ounce
https://m.media-amazon.com/images/I/81ImPxvFUzL.jpg,81ImPxvFUzL.jpg,369753,item_volume,0.3 fluid ounce
https://m.media-amazon.com/images/I/81bwDbsEVEL.jpg,81bwDbsEVEL.jpg,281678,item_volume,8.0 fluid ounce
https://m.media-amazon.com/images/I/614SUuIBXuL.jpg,614SUuIBXuL.jpg,369753,item_volume,8.0 centilitre
https://m.media-amazon.com/images/I/715X39C-VmL.jpg,715X39C-VmL.jpg,459516,item_volume,250.0 millilitre
https://m.media-amazon.com/images/I/71IF9r2K7FL.jpg,71IF9r2K7FL.jpg,369753,item_volume,630.0 fluid ounce
https://m.media-amazon.com/images/I/61i0Qaf4kXL.jpg,61i0Qaf4kXL.jpg,916768,item_volume,330.0 millilitre
https://m.media-amazon.com/images/I/91Zo6yHCb-L.jpg,91Zo6yHCb-L.jpg,281678,item_volume,8.0 fluid ounce
https://m.media-amazon.com/images/I/51UW7CngvtL.jpg,51UW7CngvtL.jpg,369753,item_volume,0.5 fluid ounce
https://m.media-amazon.com/images/I/71Qq3GMVQuL.jpg,71Qq3GMVQuL.jpg,916768,item_volume,1000.0 millilitre
https://m.media-amazon.com/images/I/61A0ikY8rcL.jpg,61A0ikY8rcL.jpg,254449,item_volume,5.0 pint
https://m.media-amazon.com/images/I/51qdXStJK0L.jpg,51qdXStJK0L.jpg,557758,item_volume,2.0 cubic inch
https://m.media-amazon.com/images/I/81IMOfFD9dL.jpg,81IMOfFD9dL.jpg,459516,item_volume,0.7 millilitre
https://m.media-amazon.com/images/I/71PPRPt9ylL.jpg,71PPRPt9ylL.jpg,369753,item_volume,630.0 fluid ounce
https://m.media-amazon.com/images/I/814lQeftUYL.jpg,814lQeftUYL.jpg,884560,item_volume,250.0 millilitre
https://m.media-amazon.com/images/I/81rgZbtRdVL.jpg,81rgZbtRdVL.jpg,557758,item_volume,300.0 millilitre
https://m.media-amazon.com/images/I/71yzldQasDL.jpg,71yzldQasDL.jpg,459516,item_volume,2.0 litre
https://m.media-amazon.com/images/I/71-BQQw+kWL.jpg,71-BQQw+kWL.jpg,884560,item_volume,500.0 millilitre
https://m.media-amazon.com/images/I/61yP3bpkgjL.jpg,61yP3bpkgjL.jpg,120569,item_volume,200.0 millilitre
https://m.media-amazon.com/images/I/61XC15Elt5L.jpg,61XC15Elt5L.jpg,459516,item_volume,300.0 millilitre
https://m.media-amazon.com/images/I/61tQvOYyqaL.jpg,61tQvOYyqaL.jpg,369753,item_volume,25.0 millilitre
https://m.media-amazon.com/images/I/71H5rwtdBHS.jpg,71H5rwtdBHS.jpg,254449,item_volume,120.0 millilitre
https://m.media-amazon.com/images/I/61oj1HS6DyS.jpg,61oj1HS6DyS.jpg,459516,item_volume,22220039001408.0 cubic foot
https://m.media-amazon.com/images/I/61QYCRWEXhL.jpg,61QYCRWEXhL.jpg,459516,item_volume,"[1.0, 2.0] millilitre"
https://m.media-amazon.com/images/I/81Nhh-U1T-L.jpg,81Nhh-U1T-L.jpg,254449,item_volume,300.0 millilitre
https://m.media-amazon.com/images/I/61e3D88OH+L.jpg,61e3D88OH+L.jpg,459516,item_volume,100.0 quart
https://m.media-amazon.com/images/I/71jcXqdCBpL.jpg,71jcXqdCBpL.jpg,916768,item_volume,1.0 millilitre
https://m.media-amazon.com/images/I/71xbVFSxPEL.jpg,71xbVFSxPEL.jpg,254449,item_volume,250.0 millilitre
https://m.media-amazon.com/images/I/61iyjkBOWwL.jpg,61iyjkBOWwL.jpg,281678,item_volume,100.0 millilitre
https://m.media-amazon.com/images/I/61zYiAdL+9L.jpg,61zYiAdL+9L.jpg,916768,item_volume,180.0 millilitre
https://m.media-amazon.com/images/I/61ztWye05CL.jpg,61ztWye05CL.jpg,120569,item_volume,2.0 litre
https://m.media-amazon.com/images/I/91ZxgglG0LL.jpg,91ZxgglG0LL.jpg,281678,item_volume,200.0 millilitre
https://m.media-amazon.com/images/I/61tSAv1+qHL.jpg,61tSAv1+qHL.jpg,281678,item_volume,7.0 fluid ounce
https://m.media-amazon.com/images/I/81Y0hvoyD-L.jpg,81Y0hvoyD-L.jpg,254449,item_volume,500.0 millilitre
https://m.media-amazon.com/images/I/71Gb6QghJiL.jpg,71Gb6QghJiL.jpg,369753,item_volume,30.0 millilitre
https://m.media-amazon.com/images/I/71kI6AcUoeL.jpg,71kI6AcUoeL.jpg,252585,item_volume,2.0 litre
https://m.media-amazon.com/images/I/41oDpT2pVcS.jpg,41oDpT2pVcS.jpg,625842,item_volume,20.0 gallon
https://m.media-amazon.com/images/I/41EhM6KArTL.jpg,41EhM6KArTL.jpg,916768,item_volume,360.0 millilitre
https://m.media-amazon.com/images/I/71yGHIrKGKL.jpg,71yGHIrKGKL.jpg,459516,item_volume,75.0 millilitre
https://m.media-amazon.com/images/I/616l3AamaIL.jpg,616l3AamaIL.jpg,369753,item_volume,100.0 millilitre
https://m.media-amazon.com/images/I/81mxpQFIMwL.jpg,81mxpQFIMwL.jpg,916768,item_volume,64.0 fluid ounce
https://m.media-amazon.com/images/I/71aUvPKt6FS.jpg,71aUvPKt6FS.jpg,961822,item_volume,18.0 gallon
https://m.media-amazon.com/images/I/6134YnRywcL.jpg,6134YnRywcL.jpg,252585,item_volume,19.0 cubic inch
https://m.media-amazon.com/images/I/61MysSqD8nL.jpg,61MysSqD8nL.jpg,369753,item_volume,120.0 millilitre
https://m.media-amazon.com/images/I/61zLrVgW8WS.jpg,61zLrVgW8WS.jpg,369753,item_volume,60.0 millilitre
https://m.media-amazon.com/images/I/71YAKSj3EgL.jpg,71YAKSj3EgL.jpg,459516,item_volume,3.0 gallon
https://m.media-amazon.com/images/I/71HkY7Qe7JL.jpg,71HkY7Qe7JL.jpg,459516,item_volume,3.38 fluid ounce
https://m.media-amazon.com/images/I/81rKfo4EunL.jpg,81rKfo4EunL.jpg,459516,item_volume,4.0 fluid ounce
https://m.media-amazon.com/images/I/61KPRvZi7QL.jpg,61KPRvZi7QL.jpg,916768,item_volume,1750.0 millilitre
https://m.media-amazon.com/images/I/61Z70JyZS4L.jpg,61Z70JyZS4L.jpg,369753,item_volume,1.0 pint
https://m.media-amazon.com/images/I/51mF7KVJAIL.jpg,51mF7KVJAIL.jpg,557758,item_volume,5.0 millilitre
https://m.media-amazon.com/images/I/61bbCI-sk-L.jpg,61bbCI-sk-L.jpg,281678,item_volume,32.0 fluid ounce
https://m.media-amazon.com/images/I/71-Fz+v4snL.jpg,71-Fz+v4snL.jpg,459516,item_volume,12.0 fluid ounce
https://m.media-amazon.com/images/I/715I7F7N6qL.jpg,715I7F7N6qL.jpg,225091,item_volume,0.051 fluid ounce
https://m.media-amazon.com/images/I/71GRGFulG7L.jpg,71GRGFulG7L.jpg,916768,item_volume,0.62 litre
https://m.media-amazon.com/images/I/71TdQJdwXcL.jpg,71TdQJdwXcL.jpg,254449,item_volume,4.0 fluid ounce
https://m.media-amazon.com/images/I/61mWZ89qK8L.jpg,61mWZ89qK8L.jpg,120569,item_volume,5.0 litre
https://m.media-amazon.com/images/I/811LAy6hOLL.jpg,811LAy6hOLL.jpg,281678,item_volume,355.0 millilitre
https://m.media-amazon.com/images/I/81sGpAhEENL.jpg,81sGpAhEENL.jpg,225091,item_volume,6.0 litre
https://m.media-amazon.com/images/I/61T3ung+tXL.jpg,61T3ung+tXL.jpg,459516,item_volume,"[163.0, 167.0] decilitre"
https://m.media-amazon.com/images/I/71agLhloN4L.jpg,71agLhloN4L.jpg,281678,item_volume,200.0 millilitre
https://m.media-amazon.com/images/I/81Pgu8HAIEL.jpg,81Pgu8HAIEL.jpg,281678,item_volume,240.0 fluid ounce
https://m.media-amazon.com/images/I/71A1owl856L.jpg,71A1owl856L.jpg,369753,item_volume,2.03 fluid ounce
https://m.media-amazon.com/images/I/61PC8eMyGBL.jpg,61PC8eMyGBL.jpg,459516,item_volume,8.0 fluid ounce
https://m.media-amazon.com/images/I/71DPOT6+DxL.jpg,71DPOT6+DxL.jpg,120569,item_volume,60.0 millilitre
https://m.media-amazon.com/images/I/71pSWm0KUjL.jpg,71pSWm0KUjL.jpg,369753,item_volume,1.69 fluid ounce
https://m.media-amazon.com/images/I/51Opqn8speL.jpg,51Opqn8speL.jpg,961822,item_volume,250.0 millilitre
https://m.media-amazon.com/images/I/811pTF25MvL.jpg,811pTF25MvL.jpg,459516,item_volume,100.0 decilitre
https://m.media-amazon.com/images/I/41JUWgJO8sL.jpg,41JUWgJO8sL.jpg,252585,item_volume,3217.0 pint
https://m.media-amazon.com/images/I/71tsYqTCh9L.jpg,71tsYqTCh9L.jpg,369753,item_volume,4.0 millilitre
https://m.media-amazon.com/images/I/61aGHdd-X4L.jpg,61aGHdd-X4L.jpg,120569,item_volume,16.0 fluid ounce
https://m.media-amazon.com/images/I/81viIfjMNeL.jpg,81viIfjMNeL.jpg,254449,item_volume,4.0 fluid ounce
https://m.media-amazon.com/images/I/71Kxzk272AL.jpg,71Kxzk272AL.jpg,281678,item_volume,32.0 fluid ounce
https://m.media-amazon.com/images/I/711TRt3yCgL.jpg,711TRt3yCgL.jpg,459516,item_volume,0.04 millilitre
https://m.media-amazon.com/images/I/818l7hOsmmL.jpg,818l7hOsmmL.jpg,373285,item_volume,1.0 litre
https://m.media-amazon.com/images/I/71jFjdExMGL.jpg,71jFjdExMGL.jpg,916768,item_volume,330.0 millilitre
https://m.media-amazon.com/images/I/615FitjNCjL.jpg,615FitjNCjL.jpg,369753,item_volume,215021.0 litre
https://m.media-amazon.com/images/I/81i57EjhtrL.jpg,81i57EjhtrL.jpg,459516,item_volume,2.0 fluid ounce
https://m.media-amazon.com/images/I/71SNXz+jAML.jpg,71SNXz+jAML.jpg,459516,item_volume,8.0 fluid ounce
https://m.media-amazon.com/images/I/71DPKWhISVL.jpg,71DPKWhISVL.jpg,459516,item_volume,30.0 millilitre
https://m.media-amazon.com/images/I/51jdjY2k2SS.jpg,51jdjY2k2SS.jpg,625842,item_volume,33.0 centilitre
https://m.media-amazon.com/images/I/71o1C+hk7eL.jpg,71o1C+hk7eL.jpg,916768,item_volume,2.1 litre
https://m.media-amazon.com/images/I/61BBz6KUCrL.jpg,61BBz6KUCrL.jpg,254449,item_volume,450.0 millilitre
https://m.media-amazon.com/images/I/71QRG0c9cmL.jpg,71QRG0c9cmL.jpg,252585,item_volume,4.0 pint
https://m.media-amazon.com/images/I/71WpHwZHAML.jpg,71WpHwZHAML.jpg,489118,item_weight,400 gram
https://m.media-amazon.com/images/I/61LLE5kWCJL.jpg,61LLE5kWCJL.jpg,630869,item_weight,20.0 gram
https://m.media-amazon.com/images/I/81gceM5l2iL.jpg,81gceM5l2iL.jpg,281678,item_weight,200 gram
https://m.media-amazon.com/images/I/71WhzY+-0aL.jpg,71WhzY+-0aL.jpg,731432,item_weight,1200.0 milligram
https://m.media-amazon.com/images/I/81nptWTuXLL.jpg,81nptWTuXLL.jpg,150535,item_weight,9.0 ounce
https://m.media-amazon.com/images/I/81qAgMnjSSL.jpg,81qAgMnjSSL.jpg,601746,item_weight,3.0 kilogram
https://m.media-amazon.com/images/I/61EOEwhxPdL.jpg,61EOEwhxPdL.jpg,107694,item_weight,"[10.0, 14.0] kilogram"
https://m.media-amazon.com/images/I/714pztRULNS.jpg,714pztRULNS.jpg,993359,item_weight,100 gram
https://m.media-amazon.com/images/I/71YOloPzwqL.jpg,71YOloPzwqL.jpg,523149,item_weight,23.0 gram
https://m.media-amazon.com/images/I/814Lhhywx9L.jpg,814Lhhywx9L.jpg,281678,item_weight,12 ounce
https://m.media-amazon.com/images/I/71S5VcBG45L.jpg,71S5VcBG45L.jpg,844474,item_weight,1.3 kilogram
https://m.media-amazon.com/images/I/71VJB6Jl5yL.jpg,71VJB6Jl5yL.jpg,396159,item_weight,40.0 gram
https://m.media-amazon.com/images/I/51dIePpXq+L.jpg,51dIePpXq+L.jpg,907907,item_weight,422.0 gram
https://m.media-amazon.com/images/I/812Al9XLzbL.jpg,812Al9XLzbL.jpg,487566,item_weight,300.0 gram
https://m.media-amazon.com/images/I/71L0CkKFRKL.jpg,71L0CkKFRKL.jpg,630869,item_weight,13.9 gram
https://m.media-amazon.com/images/I/61DucqiFaeS.jpg,61DucqiFaeS.jpg,459516,item_weight,102 gram
https://m.media-amazon.com/images/I/71MSDtv-70L.jpg,71MSDtv-70L.jpg,375816,item_weight,100.0 gram
https://m.media-amazon.com/images/I/31-QAoUmMML.jpg,31-QAoUmMML.jpg,308856,item_weight,50 gram
https://m.media-amazon.com/images/I/7104ZoAdcSL.jpg,7104ZoAdcSL.jpg,801829,item_weight,120.0 gram
https://m.media-amazon.com/images/I/81-IreNzIaL.jpg,81-IreNzIaL.jpg,601746,item_weight,3.3 pound
https://m.media-amazon.com/images/I/61vh2GoW90L.jpg,61vh2GoW90L.jpg,459516,item_weight,400 milligram
https://m.media-amazon.com/images/I/61XT2LjhWsL.jpg,61XT2LjhWsL.jpg,507467,item_weight,4.0 gram
https://m.media-amazon.com/images/I/51pb47nibwL.jpg,51pb47nibwL.jpg,630869,item_weight,7.2 gram
https://m.media-amazon.com/images/I/71jFXs2QTmL.jpg,71jFXs2QTmL.jpg,308856,item_weight,6.0 pound
https://m.media-amazon.com/images/I/71NJGJx9EwL.jpg,71NJGJx9EwL.jpg,459516,item_weight,8.0 gram
https://m.media-amazon.com/images/I/81aWb67yLIL.jpg,81aWb67yLIL.jpg,120569,item_weight,13.2 ounce
https://m.media-amazon.com/images/I/71NGtQyXiQL.jpg,71NGtQyXiQL.jpg,311997,item_weight,175.0 kilogram
https://m.media-amazon.com/images/I/61O76NJVEgL.jpg,61O76NJVEgL.jpg,449805,item_weight,7.6 pound
https://m.media-amazon.com/images/I/71qIs+DzaRL.jpg,71qIs+DzaRL.jpg,299791,item_weight,15.9 gram
https://m.media-amazon.com/images/I/718NJva79UL.jpg,718NJva79UL.jpg,507467,item_weight,92.0 gram
https://m.media-amazon.com/images/I/816py4+FL7L.jpg,816py4+FL7L.jpg,459516,item_weight,2400.0 milligram
https://m.media-amazon.com/images/I/7103NtShVtL.jpg,7103NtShVtL.jpg,767202,item_weight,80.0 gram
https://m.media-amazon.com/images/I/51Chuxgu4XL.jpg,51Chuxgu4XL.jpg,529606,item_weight,114 gram
https://m.media-amazon.com/images/I/710OELwIV2L.jpg,710OELwIV2L.jpg,993359,item_weight,70 gram
https://m.media-amazon.com/images/I/61S7soEpEDL.jpg,61S7soEpEDL.jpg,459516,item_weight,90 gram
https://m.media-amazon.com/images/I/71Hg3jn03KL.jpg,71Hg3jn03KL.jpg,308856,item_weight,500.0 gram
https://m.media-amazon.com/images/I/51l+Yq-yUwL.jpg,51l+Yq-yUwL.jpg,299791,item_weight,46.0 gram
https://m.media-amazon.com/images/I/71a+MzITkhL.jpg,71a+MzITkhL.jpg,609802,item_weight,360.0 gram
https://m.media-amazon.com/images/I/71Q0-YUdckL.jpg,71Q0-YUdckL.jpg,658003,item_weight,3.0 ounce
https://m.media-amazon.com/images/I/91X97SSB31L.jpg,91X97SSB31L.jpg,978900,item_weight,2.0 pound
https://m.media-amazon.com/images/I/61FgU1udKrL.jpg,61FgU1udKrL.jpg,449021,item_weight,35.0 kilogram
https://m.media-amazon.com/images/I/71SpNLbkSOL.jpg,71SpNLbkSOL.jpg,487566,item_weight,100.0 pound
https://m.media-amazon.com/images/I/81TxhT7-nXL.jpg,81TxhT7-nXL.jpg,529606,item_weight,8.3 ounce
https://m.media-amazon.com/images/I/618s-SGt8tL.jpg,618s-SGt8tL.jpg,299791,item_weight,25.0 gram
https://m.media-amazon.com/images/I/61Lyx6USwuL.jpg,61Lyx6USwuL.jpg,299791,item_weight,14 gram
https://m.media-amazon.com/images/I/71hKB5fOnJL.jpg,71hKB5fOnJL.jpg,297918,item_weight,10.0 gram
https://m.media-amazon.com/images/I/61KfCMlOBgL.jpg,61KfCMlOBgL.jpg,953313,item_weight,0.88 ounce
https://m.media-amazon.com/images/I/81V8udj1OxL.jpg,81V8udj1OxL.jpg,881883,item_weight,2.0 ounce
https://m.media-amazon.com/images/I/61E7D1mndFL.jpg,61E7D1mndFL.jpg,487566,item_weight,460.0 gram
https://m.media-amazon.com/images/I/61Dj2qr0ZpL.jpg,61Dj2qr0ZpL.jpg,140266,item_weight,5.0 kilogram
https://m.media-amazon.com/images/I/71oAj-Qz7NL.jpg,71oAj-Qz7NL.jpg,993359,item_weight,100.0 gram
https://m.media-amazon.com/images/I/61eQi+opiTL.jpg,61eQi+opiTL.jpg,730429,item_weight,85.0 gram
https://m.media-amazon.com/images/I/81tXzm8x2IL.jpg,81tXzm8x2IL.jpg,563130,item_weight,190.0 ounce
https://m.media-amazon.com/images/I/81fYZEzhxFL.jpg,81fYZEzhxFL.jpg,192132,item_weight,1.0 gram
https://m.media-amazon.com/images/I/71Z0D27Vn1L.jpg,71Z0D27Vn1L.jpg,709627,item_weight,470.0 gram
https://m.media-amazon.com/images/I/71LJTzGc3WL.jpg,71LJTzGc3WL.jpg,299791,item_weight,3.7 gram
https://m.media-amazon.com/images/I/71RBVeskjDL.jpg,71RBVeskjDL.jpg,281678,item_weight,500 gram
https://m.media-amazon.com/images/I/61SjRJn+PBL.jpg,61SjRJn+PBL.jpg,459516,item_weight,750.0 milligram
https://m.media-amazon.com/images/I/61gZ7gHOhvL.jpg,61gZ7gHOhvL.jpg,609802,item_weight,360.0 gram
https://m.media-amazon.com/images/I/717Tg+icm3L.jpg,717Tg+icm3L.jpg,709627,item_weight,30.0 gram
https://m.media-amazon.com/images/I/51m-1oyvksL.jpg,51m-1oyvksL.jpg,299791,item_weight,5.8 gram
https://m.media-amazon.com/images/I/71t-JRkyS2L.jpg,71t-JRkyS2L.jpg,731432,item_weight,380 gram
https://m.media-amazon.com/images/I/51VXBuaG8EL.jpg,51VXBuaG8EL.jpg,459516,item_weight,1 gram
https://m.media-amazon.com/images/I/91NtY6md0SL.jpg,91NtY6md0SL.jpg,281678,item_weight,45.0 gram
https://m.media-amazon.com/images/I/51t6gH6wI5L.jpg,51t6gH6wI5L.jpg,844474,item_weight,0.48 kilogram
https://m.media-amazon.com/images/I/61BSOuMAIWL.jpg,61BSOuMAIWL.jpg,675317,item_weight,45.0 gram
https://m.media-amazon.com/images/I/817Pevv4asL.jpg,817Pevv4asL.jpg,308671,item_weight,1160 gram to 1200 gram
https://m.media-amazon.com/images/I/71UTWuORqAL.jpg,71UTWuORqAL.jpg,507619,item_weight,32.8 gram
https://m.media-amazon.com/images/I/6118gpFB7qL.jpg,6118gpFB7qL.jpg,939129,item_weight,1.3 kilogram
https://m.media-amazon.com/images/I/51zkL0GrufL.jpg,51zkL0GrufL.jpg,359859,item_weight,0.2 pound
https://m.media-amazon.com/images/I/71hb4fS58dL.jpg,71hb4fS58dL.jpg,459516,item_weight,200.0 gram
https://m.media-amazon.com/images/I/718WGo54sAL.jpg,718WGo54sAL.jpg,529606,item_weight,80 gram
https://m.media-amazon.com/images/I/71m+NbDlhpL.jpg,71m+NbDlhpL.jpg,609802,item_weight,4.0 kilogram
https://m.media-amazon.com/images/I/61tmdZoStDS.jpg,61tmdZoStDS.jpg,449021,item_weight,12.0 ounce
https://m.media-amazon.com/images/I/61loeH2C-WL.jpg,61loeH2C-WL.jpg,375816,item_weight,7.5 gram
https://m.media-amazon.com/images/I/81BwdhDkNTL.jpg,81BwdhDkNTL.jpg,308856,item_weight,10 gram
https://m.media-amazon.com/images/I/51k2R2jCZSL.jpg,51k2R2jCZSL.jpg,993359,item_weight,100 gram
https://m.media-amazon.com/images/I/51B-CO95-IL.jpg,51B-CO95-IL.jpg,308856,item_weight,3 kilogram
https://m.media-amazon.com/images/I/71K-kCk2gOL.jpg,71K-kCk2gOL.jpg,329793,item_weight,2.6 ounce
https://m.media-amazon.com/images/I/41Vtm8-2P2S.jpg,41Vtm8-2P2S.jpg,866516,item_weight,16.0 gram
https://m.media-amazon.com/images/I/51g01lvbk+S.jpg,51g01lvbk+S.jpg,709627,item_weight,5.0 gram
https://m.media-amazon.com/images/I/51Zpir7GaxL.jpg,51Zpir7GaxL.jpg,767202,item_weight,1.0 gram
https://m.media-amazon.com/images/I/81dXxmzGofL.jpg,81dXxmzGofL.jpg,844474,item_weight,7.0 gram
https://m.media-amazon.com/images/I/61xzTpB-IgL.jpg,61xzTpB-IgL.jpg,639090,item_weight,200.0 gram
https://m.media-amazon.com/images/I/61Tgr-EjejL.jpg,61Tgr-EjejL.jpg,557758,item_weight,35.0 gram
https://m.media-amazon.com/images/I/71xoGbdskOL.jpg,71xoGbdskOL.jpg,281678,item_weight,100 gram
https://m.media-amazon.com/images/I/81HFwDhNalL.jpg,81HFwDhNalL.jpg,630869,item_weight,12.0 gram
https://m.media-amazon.com/images/I/71dwIDhqkKL.jpg,71dwIDhqkKL.jpg,916768,item_weight,270.0 gram
https://m.media-amazon.com/images/I/71gmqxz8foL.jpg,71gmqxz8foL.jpg,459516,item_weight,6050.0 milligram
https://m.media-amazon.com/images/I/51-JUJsTW+L.jpg,51-JUJsTW+L.jpg,929999,item_weight,38 pound
https://m.media-amazon.com/images/I/81fXBw+9DQL.jpg,81fXBw+9DQL.jpg,731432,item_weight,50.0 gram
https://m.media-amazon.com/images/I/61gBLW6Ie+L.jpg,61gBLW6Ie+L.jpg,844474,item_weight,2.11 pound
https://m.media-amazon.com/images/I/71h2JDU+dML.jpg,71h2JDU+dML.jpg,523149,item_weight,12.0 gram
https://m.media-amazon.com/images/I/81RVfCZPAAL.jpg,81RVfCZPAAL.jpg,375816,item_weight,34.0 gram
https://m.media-amazon.com/images/I/61RLnYdsgTL.jpg,61RLnYdsgTL.jpg,308856,item_weight,250 gram
https://m.media-amazon.com/images/I/61IuvLYlKwL.jpg,61IuvLYlKwL.jpg,299791,item_weight,51.0 gram
https://m.media-amazon.com/images/I/71vWkKaTX4L.jpg,71vWkKaTX4L.jpg,558374,item_weight,12.0 gram
https://m.media-amazon.com/images/I/51IaRlxZsLL.jpg,51IaRlxZsLL.jpg,281678,item_weight,43.2 gram
https://m.media-amazon.com/images/I/71zRZpoLsOL.jpg,71zRZpoLsOL.jpg,107694,item_weight,80.0 kilogram
https://m.media-amazon.com/images/I/61SIHdC7FrL.jpg,61SIHdC7FrL.jpg,523149,item_weight,7.1 gram
https://m.media-amazon.com/images/I/7186ZpVls5L.jpg,7186ZpVls5L.jpg,449805,item_weight,3.1 pound
https://m.media-amazon.com/images/I/71n0QubzXkS.jpg,71n0QubzXkS.jpg,459516,item_weight,100 gram
https://m.media-amazon.com/images/I/51sHzCPhwPL.jpg,51sHzCPhwPL.jpg,299791,item_weight,6 gram
https://m.media-amazon.com/images/I/91O+0kCd6DL.jpg,91O+0kCd6DL.jpg,993359,item_weight,400 gram
https://m.media-amazon.com/images/I/61Dfp7Q7J9L.jpg,61Dfp7Q7J9L.jpg,308856,item_weight,7 kilogram
https://m.media-amazon.com/images/I/61bzymf3UWL.jpg,61bzymf3UWL.jpg,365637,item_weight,170 gram
https://m.media-amazon.com/images/I/71rvfBlwBrL.jpg,71rvfBlwBrL.jpg,299791,item_weight,18.2 gram
https://m.media-amazon.com/images/I/81L+h++1kKL.jpg,81L+h++1kKL.jpg,731432,item_weight,48.0 milligram
https://m.media-amazon.com/images/I/51tF1r3vRgL.jpg,51tF1r3vRgL.jpg,459516,item_weight,"[12.0, 16.0] ounce"
https://m.media-amazon.com/images/I/71x5HYHUvmL.jpg,71x5HYHUvmL.jpg,329793,item_weight,1000.0 gram
https://m.media-amazon.com/images/I/51IUnUaQXcL.jpg,51IUnUaQXcL.jpg,978900,item_weight,1.0 pound
https://m.media-amazon.com/images/I/81FSHNYNyAL.jpg,81FSHNYNyAL.jpg,252782,item_weight,50.0 milligram
https://m.media-amazon.com/images/I/61FUx-f-hGL.jpg,61FUx-f-hGL.jpg,297918,item_weight,35.0 gram
https://m.media-amazon.com/images/I/817rZQ5gILL.jpg,817rZQ5gILL.jpg,993359,item_weight,50 gram
https://m.media-amazon.com/images/I/61cG40lWB1L.jpg,61cG40lWB1L.jpg,267482,item_weight,11.6 ounce
https://m.media-amazon.com/images/I/61bVDI4gW7L.jpg,61bVDI4gW7L.jpg,794161,item_weight,7.5 gram
https://m.media-amazon.com/images/I/81omkc2v4HL.jpg,81omkc2v4HL.jpg,922709,item_weight,0.33084947839046197 gram
https://m.media-amazon.com/images/I/81v7uE8dK6L.jpg,81v7uE8dK6L.jpg,487566,item_weight,160.0 gram
https://m.media-amazon.com/images/I/61-iG9f2hIL.jpg,61-iG9f2hIL.jpg,998545,item_weight,2.0 kilogram
https://m.media-amazon.com/images/I/71LISIsCvxL.jpg,71LISIsCvxL.jpg,731432,item_weight,3 gram
https://m.media-amazon.com/images/I/71INMjuD45L.jpg,71INMjuD45L.jpg,639090,item_weight,85.0 gram
https://m.media-amazon.com/images/I/61-Awg3XKWL.jpg,61-Awg3XKWL.jpg,529606,item_weight,8.0 ounce
https://m.media-amazon.com/images/I/81-gVuFwQVL.jpg,81-gVuFwQVL.jpg,487566,item_weight,220.0 gram
https://m.media-amazon.com/images/I/61ZG6z2twNL.jpg,61ZG6z2twNL.jpg,529606,item_weight,230 gram
https://m.media-amazon.com/images/I/71DmWjaqOZL.jpg,71DmWjaqOZL.jpg,731432,item_weight,8.5 gram
https://m.media-amazon.com/images/I/71anpO7gswL.jpg,71anpO7gswL.jpg,120219,maximum_weight_recommendation,4.0 pound
https://m.media-amazon.com/images/I/71J8+lHwFmL.jpg,71J8+lHwFmL.jpg,611510,maximum_weight_recommendation,350 pound
https://m.media-amazon.com/images/I/51w8x1a9KiL.jpg,51w8x1a9KiL.jpg,969033,maximum_weight_recommendation,35 pound
https://m.media-amazon.com/images/I/71kgM9Vb32L.jpg,71kgM9Vb32L.jpg,611510,maximum_weight_recommendation,100 kilogram
https://m.media-amazon.com/images/I/81UAPYS0KpL.jpg,81UAPYS0KpL.jpg,751532,maximum_weight_recommendation,250 kilogram
https://m.media-amazon.com/images/I/71R95nkABbL.jpg,71R95nkABbL.jpg,221399,maximum_weight_recommendation,2 person
https://m.media-amazon.com/images/I/71sNPu8xh8L.jpg,71sNPu8xh8L.jpg,120219,maximum_weight_recommendation,7.0 pound
https://m.media-amazon.com/images/I/61YzJNTQ9FL.jpg,61YzJNTQ9FL.jpg,221399,maximum_weight_recommendation,240 kilogram
https://m.media-amazon.com/images/I/61LoMcE7VLL.jpg,61LoMcE7VLL.jpg,120219,maximum_weight_recommendation,3.0 gram
https://m.media-amazon.com/images/I/81V5VhsbXHS.jpg,81V5VhsbXHS.jpg,120219,maximum_weight_recommendation,100.0 gram
https://m.media-amazon.com/images/I/71N-RHemneL.jpg,71N-RHemneL.jpg,120219,maximum_weight_recommendation,2.1 gram
https://m.media-amazon.com/images/I/61idgPBNG9L.jpg,61idgPBNG9L.jpg,120219,maximum_weight_recommendation,123.0 gram
https://m.media-amazon.com/images/I/61kFvEK54yL.jpg,61kFvEK54yL.jpg,120219,maximum_weight_recommendation,17.0 gram
https://m.media-amazon.com/images/I/51hEKUzSEVL.jpg,51hEKUzSEVL.jpg,611510,maximum_weight_recommendation,350 pound
https://m.media-amazon.com/images/I/61jfOnF8DyL.jpg,61jfOnF8DyL.jpg,120219,maximum_weight_recommendation,7.0 kilogram
https://m.media-amazon.com/images/I/81uYnbA3O+L.jpg,81uYnbA3O+L.jpg,658003,maximum_weight_recommendation,0.66 pound
https://m.media-amazon.com/images/I/51I6ch0UcPL.jpg,51I6ch0UcPL.jpg,178958,maximum_weight_recommendation,10 kilogram
https://m.media-amazon.com/images/I/51gftlIWqCS.jpg,51gftlIWqCS.jpg,120219,maximum_weight_recommendation,20.0 pound
https://m.media-amazon.com/images/I/612YOqEG2hL.jpg,612YOqEG2hL.jpg,120219,maximum_weight_recommendation,195.0 ton
https://m.media-amazon.com/images/I/71n4iqvfLZL.jpg,71n4iqvfLZL.jpg,120219,maximum_weight_recommendation,500.0 gram
https://m.media-amazon.com/images/I/91hoEv2srtL.jpg,91hoEv2srtL.jpg,918474,maximum_weight_recommendation,100 kilogram
https://m.media-amazon.com/images/I/71SG-V+Em8S.jpg,71SG-V+Em8S.jpg,221399,maximum_weight_recommendation,150 kilogram
https://m.media-amazon.com/images/I/61r13ptQSWL.jpg,61r13ptQSWL.jpg,120219,maximum_weight_recommendation,5.0 kilogram
https://m.media-amazon.com/images/I/510p1XcjsdL.jpg,510p1XcjsdL.jpg,120219,maximum_weight_recommendation,400.0 milligram
https://m.media-amazon.com/images/I/81ZbJWHRilL.jpg,81ZbJWHRilL.jpg,446789,maximum_weight_recommendation,250 kilogram
https://m.media-amazon.com/images/I/71hsHpbRkgL.jpg,71hsHpbRkgL.jpg,120219,maximum_weight_recommendation,1.0 gram
https://m.media-amazon.com/images/I/61sQqTLh5dL.jpg,61sQqTLh5dL.jpg,120219,maximum_weight_recommendation,100.0 gram
https://m.media-amazon.com/images/I/71QpIXX+pEL.jpg,71QpIXX+pEL.jpg,221399,maximum_weight_recommendation,1 person
https://m.media-amazon.com/images/I/51xtpdHdPIS.jpg,51xtpdHdPIS.jpg,120219,maximum_weight_recommendation,3.0 ton
https://m.media-amazon.com/images/I/81o9oWpWPcL.jpg,81o9oWpWPcL.jpg,801829,maximum_weight_recommendation,100.0 kilogram
https://m.media-amazon.com/images/I/81j77cjLZuL.jpg,81j77cjLZuL.jpg,801829,maximum_weight_recommendation,350 pound
https://m.media-amazon.com/images/I/81lbhRdvFFL.jpg,81lbhRdvFFL.jpg,801829,maximum_weight_recommendation,140 gram
https://m.media-amazon.com/images/I/8118bOPmXLL.jpg,8118bOPmXLL.jpg,969033,maximum_weight_recommendation,95 kilogram
https://m.media-amazon.com/images/I/81BbDOjBIEL.jpg,81BbDOjBIEL.jpg,120219,maximum_weight_recommendation,2.16 pound
https://m.media-amazon.com/images/I/81hBY4J5F3L.jpg,81hBY4J5F3L.jpg,446789,maximum_weight_recommendation,300 kilogram
https://m.media-amazon.com/images/I/81qiCUmNqBL.jpg,81qiCUmNqBL.jpg,751532,maximum_weight_recommendation,250 kilogram
https://m.media-amazon.com/images/I/61QCws7v35L.jpg,61QCws7v35L.jpg,611510,maximum_weight_recommendation,286 pound
https://m.media-amazon.com/images/I/81y1zM+T52L.jpg,81y1zM+T52L.jpg,120219,maximum_weight_recommendation,1.7 kilogram
https://m.media-amazon.com/images/I/91FLDj9ptwL.jpg,91FLDj9ptwL.jpg,488883,maximum_weight_recommendation,250.0 pound
https://m.media-amazon.com/images/I/61um8OmuyuL.jpg,61um8OmuyuL.jpg,918474,maximum_weight_recommendation,150 kilogram
https://m.media-amazon.com/images/I/61q3C7Vx3+L.jpg,61q3C7Vx3+L.jpg,221399,maximum_weight_recommendation,100 kilogram
https://m.media-amazon.com/images/I/71wwLiXj0sL.jpg,71wwLiXj0sL.jpg,801829,maximum_weight_recommendation,300 pound
https://m.media-amazon.com/images/I/71x8RtrPtjL.jpg,71x8RtrPtjL.jpg,801829,maximum_weight_recommendation,352.0 pound
https://m.media-amazon.com/images/I/71DFKTARQxL.jpg,71DFKTARQxL.jpg,801829,maximum_weight_recommendation,150 kilogram
https://m.media-amazon.com/images/I/719KcQ8mVyS.jpg,719KcQ8mVyS.jpg,204245,maximum_weight_recommendation,60 kilogram
https://m.media-amazon.com/images/I/61V8KhfqoGL.jpg,61V8KhfqoGL.jpg,462757,maximum_weight_recommendation,120 kilogram
https://m.media-amazon.com/images/I/61zyIGelLUL.jpg,61zyIGelLUL.jpg,611510,maximum_weight_recommendation,100 kilogram
https://m.media-amazon.com/images/I/71AfgmqDL8L.jpg,71AfgmqDL8L.jpg,120219,maximum_weight_recommendation,7.5 pound
https://m.media-amazon.com/images/I/71X-CafhaML.jpg,71X-CafhaML.jpg,446789,maximum_weight_recommendation,800 pound
https://m.media-amazon.com/images/I/51lwL3duaTL.jpg,51lwL3duaTL.jpg,221399,maximum_weight_recommendation,200 kilogram
https://m.media-amazon.com/images/I/71ux04y-rzL.jpg,71ux04y-rzL.jpg,969033,maximum_weight_recommendation,0 pound to 1pound
https://m.media-amazon.com/images/I/61QdjKipc1L.jpg,61QdjKipc1L.jpg,704724,maximum_weight_recommendation,100 kilogram
https://m.media-amazon.com/images/I/71yFj-xETHL.jpg,71yFj-xETHL.jpg,120219,maximum_weight_recommendation,1.0 ton
https://m.media-amazon.com/images/I/71hvZNgjfWL.jpg,71hvZNgjfWL.jpg,120219,maximum_weight_recommendation,5.0 ton
https://m.media-amazon.com/images/I/81kgAVM7+HL.jpg,81kgAVM7+HL.jpg,488883,maximum_weight_recommendation,400 pound
https://m.media-amazon.com/images/I/618izReWiqL.jpg,618izReWiqL.jpg,704724,maximum_weight_recommendation,4 kilogram
https://m.media-amazon.com/images/I/8116WTcA5XL.jpg,8116WTcA5XL.jpg,120219,maximum_weight_recommendation,17.0 gram
https://m.media-amazon.com/images/I/71B2C8bqKIL.jpg,71B2C8bqKIL.jpg,156839,maximum_weight_recommendation,44 pound
https://m.media-amazon.com/images/I/51V6ToPjlML.jpg,51V6ToPjlML.jpg,524117,maximum_weight_recommendation,11.0 ton
https://m.media-amazon.com/images/I/71oCXume6aL.jpg,71oCXume6aL.jpg,969033,maximum_weight_recommendation,25 pound
https://m.media-amazon.com/images/I/71WLOSbXGpL.jpg,71WLOSbXGpL.jpg,120219,maximum_weight_recommendation,0.924 pound
https://m.media-amazon.com/images/I/71nGSoCQwdL.jpg,71nGSoCQwdL.jpg,801829,maximum_weight_recommendation,50 kilogram
https://m.media-amazon.com/images/I/71dqz-NDHGL.jpg,71dqz-NDHGL.jpg,120219,maximum_weight_recommendation,30.0 pound
https://m.media-amazon.com/images/I/81eIZnkcVrL.jpg,81eIZnkcVrL.jpg,801829,maximum_weight_recommendation,115 kilogram
https://m.media-amazon.com/images/I/61em4THU72L.jpg,61em4THU72L.jpg,171418,maximum_weight_recommendation,30 kilogram
https://m.media-amazon.com/images/I/618wYhtU3IL.jpg,618wYhtU3IL.jpg,120219,maximum_weight_recommendation,120.0 ton
https://m.media-amazon.com/images/I/61VXiUWl49L.jpg,61VXiUWl49L.jpg,801829,maximum_weight_recommendation,350 pound
https://m.media-amazon.com/images/I/813MnhPxhqL.jpg,813MnhPxhqL.jpg,221399,maximum_weight_recommendation,330 pound
https://m.media-amazon.com/images/I/81saEAhLYvL.jpg,81saEAhLYvL.jpg,120219,maximum_weight_recommendation,20.0 pound
https://m.media-amazon.com/images/I/61x5ATMbh0L.jpg,61x5ATMbh0L.jpg,221399,maximum_weight_recommendation,120 kilogram
https://m.media-amazon.com/images/I/81mMBGB6ZrS.jpg,81mMBGB6ZrS.jpg,120219,maximum_weight_recommendation,5.0 kilogram
https://m.media-amazon.com/images/I/61OZsYRzBLL.jpg,61OZsYRzBLL.jpg,156839,maximum_weight_recommendation,15 pound
https://m.media-amazon.com/images/I/91UhpyUAQ+L.jpg,91UhpyUAQ+L.jpg,221399,maximum_weight_recommendation,480 pound
https://m.media-amazon.com/images/I/51HgQ2Zhy5L.jpg,51HgQ2Zhy5L.jpg,120219,maximum_weight_recommendation,3.0 gram
https://m.media-amazon.com/images/I/81F36ApO2uL.jpg,81F36ApO2uL.jpg,120219,maximum_weight_recommendation,16.0 kilogram
https://m.media-amazon.com/images/I/51bWRu1yExL.jpg,51bWRu1yExL.jpg,611510,maximum_weight_recommendation,286 pound
https://m.media-amazon.com/images/I/61k0EbVw8FL.jpg,61k0EbVw8FL.jpg,611510,maximum_weight_recommendation,120 kilogram
https://m.media-amazon.com/images/I/71zSypWgQRL.jpg,71zSypWgQRL.jpg,462757,maximum_weight_recommendation,110 kilogram
https://m.media-amazon.com/images/I/71rE-ajo7QL.jpg,71rE-ajo7QL.jpg,120219,maximum_weight_recommendation,40.0 pound
https://m.media-amazon.com/images/I/51-fQElUKQL.jpg,51-fQElUKQL.jpg,462757,maximum_weight_recommendation,100 kilogram
https://m.media-amazon.com/images/I/61bh39XwruL.jpg,61bh39XwruL.jpg,120219,maximum_weight_recommendation,65.0 ton
https://m.media-amazon.com/images/I/81ljtpl7d1L.jpg,81ljtpl7d1L.jpg,120219,maximum_weight_recommendation,12.0 ounce
https://m.media-amazon.com/images/I/61hAK-p6kjL.jpg,61hAK-p6kjL.jpg,462757,maximum_weight_recommendation,110 kilogram
https://m.media-amazon.com/images/I/61ogiKG0enL.jpg,61ogiKG0enL.jpg,120219,maximum_weight_recommendation,20.0 kilogram
https://m.media-amazon.com/images/I/61c9OnVFqNL.jpg,61c9OnVFqNL.jpg,120219,maximum_weight_recommendation,1.0 ounce
https://m.media-amazon.com/images/I/71hjVWggArL.jpg,71hjVWggArL.jpg,801829,maximum_weight_recommendation,150 kilogram
https://m.media-amazon.com/images/I/61tqgiYppyL.jpg,61tqgiYppyL.jpg,120219,maximum_weight_recommendation,2.0 gram
https://m.media-amazon.com/images/I/71bWEGxFusL.jpg,71bWEGxFusL.jpg,171418,maximum_weight_recommendation,18 kilogram
https://m.media-amazon.com/images/I/51DE+1G2B+L.jpg,51DE+1G2B+L.jpg,704724,maximum_weight_recommendation,100 kilogram
https://m.media-amazon.com/images/I/81-7pRRxFyL.jpg,81-7pRRxFyL.jpg,120219,maximum_weight_recommendation,100.0 gram
https://m.media-amazon.com/images/I/61FK4LydIxL.jpg,61FK4LydIxL.jpg,120219,maximum_weight_recommendation,7.0 ounce
https://m.media-amazon.com/images/I/61NxwBiYV-L.jpg,61NxwBiYV-L.jpg,120219,maximum_weight_recommendation,3.0 ton
https://m.media-amazon.com/images/I/61vmYDOez4L.jpg,61vmYDOez4L.jpg,120219,maximum_weight_recommendation,0.15 kilogram
https://m.media-amazon.com/images/I/81nwWiur5TL.jpg,81nwWiur5TL.jpg,120219,maximum_weight_recommendation,96.85 ton
https://m.media-amazon.com/images/I/81MXo8Z23lL.jpg,81MXo8Z23lL.jpg,611510,maximum_weight_recommendation,110 kilogram
https://m.media-amazon.com/images/I/61O0ZY7QO0L.jpg,61O0ZY7QO0L.jpg,120219,maximum_weight_recommendation,337.0 gram
https://m.media-amazon.com/images/I/81cy34OcFnL.jpg,81cy34OcFnL.jpg,488883,maximum_weight_recommendation,400 pound
https://m.media-amazon.com/images/I/71fRWsS1XwL.jpg,71fRWsS1XwL.jpg,446789,maximum_weight_recommendation,250 kilogram
https://m.media-amazon.com/images/I/61-VGaXxEIL.jpg,61-VGaXxEIL.jpg,120219,maximum_weight_recommendation,1.0 gram
https://m.media-amazon.com/images/I/81q-hHeiy3L.jpg,81q-hHeiy3L.jpg,488883,maximum_weight_recommendation,1.1 kilogram
https://m.media-amazon.com/images/I/61wrkFNthRL.jpg,61wrkFNthRL.jpg,801829,maximum_weight_recommendation,105 kilogram
https://m.media-amazon.com/images/I/71KuBjFzv8L.jpg,71KuBjFzv8L.jpg,221399,maximum_weight_recommendation,150 kilogram
https://m.media-amazon.com/images/I/719PUaYBXlL.jpg,719PUaYBXlL.jpg,171418,maximum_weight_recommendation,7.1 kilogram
https://m.media-amazon.com/images/I/81dI0h0HQKL.jpg,81dI0h0HQKL.jpg,120219,maximum_weight_recommendation,50.0 gram
https://m.media-amazon.com/images/I/61zeCqP6i5L.jpg,61zeCqP6i5L.jpg,171418,maximum_weight_recommendation,10 kilogram
https://m.media-amazon.com/images/I/61bs+VJdv+L.jpg,61bs+VJdv+L.jpg,918474,maximum_weight_recommendation,130 kilogram
https://m.media-amazon.com/images/I/71GK6hoI22L.jpg,71GK6hoI22L.jpg,171418,maximum_weight_recommendation,37 pound
https://m.media-amazon.com/images/I/81XM5cOsOaL.jpg,81XM5cOsOaL.jpg,918474,maximum_weight_recommendation,100 kilogram
https://m.media-amazon.com/images/I/71ihSsgr28L.jpg,71ihSsgr28L.jpg,120219,maximum_weight_recommendation,2021.0 milligram
https://m.media-amazon.com/images/I/81crMQ1wLVL.jpg,81crMQ1wLVL.jpg,120219,maximum_weight_recommendation,5.0 kilogram
https://m.media-amazon.com/images/I/71CcWKy-3HL.jpg,71CcWKy-3HL.jpg,801829,maximum_weight_recommendation,350.0 pound
https://m.media-amazon.com/images/I/715LYBCT6bL.jpg,715LYBCT6bL.jpg,120219,maximum_weight_recommendation,300.0 ton
https://m.media-amazon.com/images/I/719ggjQhGnL.jpg,719ggjQhGnL.jpg,120219,maximum_weight_recommendation,200.0 gram
https://m.media-amazon.com/images/I/71XWeGWdSVS.jpg,71XWeGWdSVS.jpg,120219,maximum_weight_recommendation,22.0 pound
https://m.media-amazon.com/images/I/71kazQp5HRL.jpg,71kazQp5HRL.jpg,611510,maximum_weight_recommendation,110 kilogram
https://m.media-amazon.com/images/I/81V732Wg8xL.jpg,81V732Wg8xL.jpg,120219,maximum_weight_recommendation,20.0 kilogram
https://m.media-amazon.com/images/I/71mVlugJ4UL.jpg,71mVlugJ4UL.jpg,704724,maximum_weight_recommendation,100 kilogram
https://m.media-amazon.com/images/I/71A-5ipdkAL.jpg,71A-5ipdkAL.jpg,751532,maximum_weight_recommendation,700 pound
https://m.media-amazon.com/images/I/51Qaj2rzMkL.jpg,51Qaj2rzMkL.jpg,462757,maximum_weight_recommendation,130 kilogram
https://m.media-amazon.com/images/I/81XPPKT3roL.jpg,81XPPKT3roL.jpg,120219,maximum_weight_recommendation,0.0 ounce
https://m.media-amazon.com/images/I/61Qelaw3n-L.jpg,61Qelaw3n-L.jpg,969033,maximum_weight_recommendation,50 kilogram
https://m.media-amazon.com/images/I/61JG-BCuxqL.jpg,61JG-BCuxqL.jpg,120219,maximum_weight_recommendation,96.0 gram
https://m.media-amazon.com/images/I/71hEVM1NToL.jpg,71hEVM1NToL.jpg,120219,maximum_weight_recommendation,100.0 gram
https://m.media-amazon.com/images/I/71VrgVu7YTL.jpg,71VrgVu7YTL.jpg,150913,maximum_weight_recommendation,25 kilogram
https://m.media-amazon.com/images/I/71voV4I5S3L.jpg,71voV4I5S3L.jpg,120219,maximum_weight_recommendation,6.0 ton
https://m.media-amazon.com/images/I/81M+LNYxNyL.jpg,81M+LNYxNyL.jpg,271537,voltage,12.0 volt
https://m.media-amazon.com/images/I/41qDdRo6EJL.jpg,41qDdRo6EJL.jpg,752266,voltage,"[220.0, 240.0] volt"
https://m.media-amazon.com/images/I/71PD2oyETuL.jpg,71PD2oyETuL.jpg,641642,voltage,31.0 volt
https://m.media-amazon.com/images/I/81P9nGvgcGL.jpg,81P9nGvgcGL.jpg,306956,voltage,230.0 volt
https://m.media-amazon.com/images/I/81OuPv8f76L.jpg,81OuPv8f76L.jpg,271537,voltage,12.0 volt
https://m.media-amazon.com/images/I/41waBWCJLbL.jpg,41waBWCJLbL.jpg,648011,voltage,230.0 volt
https://m.media-amazon.com/images/I/51-8rtC8kzL.jpg,51-8rtC8kzL.jpg,271537,voltage,18.0 volt
https://m.media-amazon.com/images/I/71MF66ohicS.jpg,71MF66ohicS.jpg,983323,voltage,5.0 volt
https://m.media-amazon.com/images/I/61bTZNhlTEL.jpg,61bTZNhlTEL.jpg,709627,voltage,3.8 volt
https://m.media-amazon.com/images/I/71cGq1lWiCL.jpg,71cGq1lWiCL.jpg,709627,voltage,20.0 volt
https://m.media-amazon.com/images/I/61rbdGlNctL.jpg,61rbdGlNctL.jpg,271537,voltage,"[120.0, 127.0] volt"
https://m.media-amazon.com/images/I/61NW78Xtp8L.jpg,61NW78Xtp8L.jpg,648011,voltage,110.0 volt
https://m.media-amazon.com/images/I/71Mv9Jgp1rL.jpg,71Mv9Jgp1rL.jpg,641642,voltage,12.0 volt
https://m.media-amazon.com/images/I/711yOeZlPbL.jpg,711yOeZlPbL.jpg,752266,voltage,230.0 volt
https://m.media-amazon.com/images/I/712ENc-RXOL.jpg,712ENc-RXOL.jpg,271537,voltage,12.0 volt
https://m.media-amazon.com/images/I/61Y+qqF0-kL.jpg,61Y+qqF0-kL.jpg,752266,voltage,1.2 volt
https://m.media-amazon.com/images/I/91m2kiHxNeL.jpg,91m2kiHxNeL.jpg,271537,voltage,12.0 volt
https://m.media-amazon.com/images/I/61ghMugUP8L.jpg,61ghMugUP8L.jpg,752266,voltage,"[110.0, 120.0] volt"
https://m.media-amazon.com/images/I/71e3HSFfrbL.jpg,71e3HSFfrbL.jpg,186035,voltage,5.0 volt
https://m.media-amazon.com/images/I/61AEHrjp7OL.jpg,61AEHrjp7OL.jpg,709627,voltage,1.2 volt
https://m.media-amazon.com/images/I/61SjjSV8QkL.jpg,61SjjSV8QkL.jpg,271537,voltage,12.0 volt
https://m.media-amazon.com/images/I/61YvjFkwVTS.jpg,61YvjFkwVTS.jpg,952353,voltage,5.0 volt
https://m.media-amazon.com/images/I/61wdOzYVsjL.jpg,61wdOzYVsjL.jpg,752266,voltage,4.5 volt
https://m.media-amazon.com/images/I/81rPRyMts-L.jpg,81rPRyMts-L.jpg,267182,voltage,12.0 volt
https://m.media-amazon.com/images/I/71AeONNGhnL.jpg,71AeONNGhnL.jpg,179080,voltage,36.0 volt
https://m.media-amazon.com/images/I/61u6C+dgvBL.jpg,61u6C+dgvBL.jpg,271537,voltage,120.0 volt
https://m.media-amazon.com/images/I/61WmMxx56GL.jpg,61WmMxx56GL.jpg,709627,voltage,3.82 volt
https://m.media-amazon.com/images/I/71BrH3xp28L.jpg,71BrH3xp28L.jpg,271537,voltage,0.9565217391304348 volt
https://m.media-amazon.com/images/I/71jvc8zKRML.jpg,71jvc8zKRML.jpg,986984,voltage,3.7 volt
https://m.media-amazon.com/images/I/71Bz4H3susL.jpg,71Bz4H3susL.jpg,648011,voltage,120.0 volt
https://m.media-amazon.com/images/I/61CSVNXeuOL.jpg,61CSVNXeuOL.jpg,271537,voltage,12.0 volt
https://m.media-amazon.com/images/I/61wBaO-MFsL.jpg,61wBaO-MFsL.jpg,271537,voltage,12.0 volt
https://m.media-amazon.com/images/I/71DoyKRfBVL.jpg,71DoyKRfBVL.jpg,752266,voltage,"[110.0, 130.0] volt"
https://m.media-amazon.com/images/I/71-6PZjwE5L.jpg,71-6PZjwE5L.jpg,752266,voltage,"[110.0, 120.0] volt"
https://m.media-amazon.com/images/I/71u-CmBkPoL.jpg,71u-CmBkPoL.jpg,752266,voltage,6.0 volt
https://m.media-amazon.com/images/I/61UGyk6-YBL.jpg,61UGyk6-YBL.jpg,641642,voltage,2.0 volt
https://m.media-amazon.com/images/I/71qR71+lRUL.jpg,71qR71+lRUL.jpg,928606,voltage,24.0 volt
https://m.media-amazon.com/images/I/61xDVlEhgTL.jpg,61xDVlEhgTL.jpg,641642,voltage,5.0 volt
https://m.media-amazon.com/images/I/61qlwRrX9DL.jpg,61qlwRrX9DL.jpg,709627,voltage,3.8 volt
https://m.media-amazon.com/images/I/41hsmU5JpyL.jpg,41hsmU5JpyL.jpg,709627,voltage,3.8 volt
https://m.media-amazon.com/images/I/61eilSYjwRL.jpg,61eilSYjwRL.jpg,271537,voltage,"[110.0, 120.0] volt"
https://m.media-amazon.com/images/I/717mz148GlL.jpg,717mz148GlL.jpg,709627,voltage,3.82 volt
https://m.media-amazon.com/images/I/61pUCQvwuSL.jpg,61pUCQvwuSL.jpg,271537,voltage,120.0 volt
https://m.media-amazon.com/images/I/71vB4g2UOQL.jpg,71vB4g2UOQL.jpg,186035,voltage,"[5.0, 20.0] volt"
https://m.media-amazon.com/images/I/81-UkWts9LL.jpg,81-UkWts9LL.jpg,641642,voltage,120.0 volt
https://m.media-amazon.com/images/I/811OlcUQ0hL.jpg,811OlcUQ0hL.jpg,501250,voltage,120.0 volt
https://m.media-amazon.com/images/I/61y0l3po2RL.jpg,61y0l3po2RL.jpg,860821,voltage,220.0 volt
https://m.media-amazon.com/images/I/51T8P9m11lL.jpg,51T8P9m11lL.jpg,709627,voltage,14.4 volt
https://m.media-amazon.com/images/I/71xulYyji7L.jpg,71xulYyji7L.jpg,752266,voltage,"[12.0, 24.0] volt"
https://m.media-amazon.com/images/I/61sQbF3hNWL.jpg,61sQbF3hNWL.jpg,752266,voltage,220.0 volt
https://m.media-amazon.com/images/I/81wNWgWoIEL.jpg,81wNWgWoIEL.jpg,267182,voltage,0.5 volt
https://m.media-amazon.com/images/I/61wSKgKaQ0L.jpg,61wSKgKaQ0L.jpg,752266,voltage,"[110.0, 240.0] volt"
https://m.media-amazon.com/images/I/51nKWU9y-DL.jpg,51nKWU9y-DL.jpg,648011,voltage,220.0 volt
https://m.media-amazon.com/images/I/41DW2-PcE5L.jpg,41DW2-PcE5L.jpg,752266,voltage,9.0 volt
https://m.media-amazon.com/images/I/71CvMDRviiL.jpg,71CvMDRviiL.jpg,179080,voltage,36.0 volt
https://m.media-amazon.com/images/I/71hUgduymVS.jpg,71hUgduymVS.jpg,983323,voltage,12.0 volt
https://m.media-amazon.com/images/I/71a2rs6tChL.jpg,71a2rs6tChL.jpg,641642,voltage,1.2 volt
https://m.media-amazon.com/images/I/618p7fzALhL.jpg,618p7fzALhL.jpg,648011,voltage,"[120.0, 277.0] volt"
https://m.media-amazon.com/images/I/81uQmBx7pkS.jpg,81uQmBx7pkS.jpg,271537,voltage,0.5 volt
https://m.media-amazon.com/images/I/51T-HpYWDEL.jpg,51T-HpYWDEL.jpg,709627,voltage,3.85 volt
https://m.media-amazon.com/images/I/41-rNuRs5OL.jpg,41-rNuRs5OL.jpg,271537,voltage,12.0 volt
https://m.media-amazon.com/images/I/81B3O0TqdOL.jpg,81B3O0TqdOL.jpg,501250,voltage,120.0 volt
https://m.media-amazon.com/images/I/61wDTlwsE5L.jpg,61wDTlwsE5L.jpg,641642,voltage,5.0 volt
https://m.media-amazon.com/images/I/71qzWMEkweL.jpg,71qzWMEkweL.jpg,179080,voltage,48.0 volt
https://m.media-amazon.com/images/I/51-6-CdIw+L.jpg,51-6-CdIw+L.jpg,648011,voltage,"[220.0, 240.0] volt"
https://m.media-amazon.com/images/I/61iHgEc0qoL.jpg,61iHgEc0qoL.jpg,752266,voltage,5.0 volt
https://m.media-amazon.com/images/I/718YLlVPmDL.jpg,718YLlVPmDL.jpg,140266,voltage,0.375 volt
https://m.media-amazon.com/images/I/71V92ION+pL.jpg,71V92ION+pL.jpg,179080,voltage,48.0 volt
https://m.media-amazon.com/images/I/71fPUIathGL.jpg,71fPUIathGL.jpg,648011,voltage,120.0 volt
https://m.media-amazon.com/images/I/51b-KZq4cnL.jpg,51b-KZq4cnL.jpg,140266,voltage,230.0 volt
https://m.media-amazon.com/images/I/71-3+2gLulL.jpg,71-3+2gLulL.jpg,179080,voltage,48.0 volt
https://m.media-amazon.com/images/I/81x4IaZ42RL.jpg,81x4IaZ42RL.jpg,752266,voltage,2.0 volt
https://m.media-amazon.com/images/I/71+zn0adf2L.jpg,71+zn0adf2L.jpg,179080,voltage,36.0 volt
https://m.media-amazon.com/images/I/71g3B9hWWIL.jpg,71g3B9hWWIL.jpg,179080,voltage,48.0 volt
https://m.media-amazon.com/images/I/81giT+yFjhL.jpg,81giT+yFjhL.jpg,267182,voltage,115.0 volt
https://m.media-amazon.com/images/I/61qY+aYanzL.jpg,61qY+aYanzL.jpg,271537,voltage,12.0 volt
https://m.media-amazon.com/images/I/81K8dmta6RL.jpg,81K8dmta6RL.jpg,752266,voltage,"[110.0, 120.0] volt"
https://m.media-amazon.com/images/I/71kjtL6AQqL.jpg,71kjtL6AQqL.jpg,983323,voltage,5.0 volt
https://m.media-amazon.com/images/I/41RvA6R6snL.jpg,41RvA6R6snL.jpg,752266,voltage,12.0 volt
https://m.media-amazon.com/images/I/71-gpw6s3oL.jpg,71-gpw6s3oL.jpg,179080,voltage,48.0 volt
https://m.media-amazon.com/images/I/8113GsA17wL.jpg,8113GsA17wL.jpg,709627,voltage,3.7 volt
https://m.media-amazon.com/images/I/51NeLL1uviL.jpg,51NeLL1uviL.jpg,709627,voltage,10.95 volt
https://m.media-amazon.com/images/I/71YJBsa34oL.jpg,71YJBsa34oL.jpg,752266,voltage,5.0 volt
https://m.media-amazon.com/images/I/81ESd5Dhi6L.jpg,81ESd5Dhi6L.jpg,179080,voltage,36.0 volt
https://m.media-amazon.com/images/I/81EWGwj1LNL.jpg,81EWGwj1LNL.jpg,752266,voltage,230.0 volt
https://m.media-amazon.com/images/I/81JGAcnf39L.jpg,81JGAcnf39L.jpg,983323,voltage,12.0 volt
https://m.media-amazon.com/images/I/51PUGqfsikL.jpg,51PUGqfsikL.jpg,752266,voltage,6.0 volt
https://m.media-amazon.com/images/I/71bS1qmMRzL.jpg,71bS1qmMRzL.jpg,276700,voltage,40.0 volt
https://m.media-amazon.com/images/I/91vPH2wKVzL.jpg,91vPH2wKVzL.jpg,648011,voltage,230.0 volt
https://m.media-amazon.com/images/I/71q6ZbDGPYL.jpg,71q6ZbDGPYL.jpg,752266,voltage,230.0 volt
https://m.media-amazon.com/images/I/71G9M8nBNtL.jpg,71G9M8nBNtL.jpg,752266,voltage,220.0 volt
https://m.media-amazon.com/images/I/71fIyaH3dvL.jpg,71fIyaH3dvL.jpg,140266,voltage,20.0 volt
https://m.media-amazon.com/images/I/71Izo642JXL.jpg,71Izo642JXL.jpg,965518,voltage,20.0 volt
https://m.media-amazon.com/images/I/81tsTIDdqCL.jpg,81tsTIDdqCL.jpg,986984,voltage,45.0 volt
https://m.media-amazon.com/images/I/81pYfK+AFNL.jpg,81pYfK+AFNL.jpg,179080,voltage,48.0 volt
https://m.media-amazon.com/images/I/81A7mGrzSwL.jpg,81A7mGrzSwL.jpg,983323,voltage,"[80.0, 240.0] volt"
https://m.media-amazon.com/images/I/71dMgwirTwL.jpg,71dMgwirTwL.jpg,641642,voltage,3.0 volt
https://m.media-amazon.com/images/I/61J7FlyqyNL.jpg,61J7FlyqyNL.jpg,641642,voltage,5.0 volt
https://m.media-amazon.com/images/I/71InWLNtD6L.jpg,71InWLNtD6L.jpg,983323,voltage,5.0 volt
https://m.media-amazon.com/images/I/61yAU+cc9YL.jpg,61yAU+cc9YL.jpg,140266,voltage,220.0 volt
https://m.media-amazon.com/images/I/61Up1YlWCTL.jpg,61Up1YlWCTL.jpg,983323,voltage,1.027349577324714 volt
https://m.media-amazon.com/images/I/410vhfsYGfL.jpg,410vhfsYGfL.jpg,709627,voltage,7.2 volt
https://m.media-amazon.com/images/I/61LBeTUXmgL.jpg,61LBeTUXmgL.jpg,648011,voltage,"[3.0, 3.4] volt"
https://m.media-amazon.com/images/I/71X1YspjZiL.jpg,71X1YspjZiL.jpg,179080,voltage,36.0 volt
https://m.media-amazon.com/images/I/61d1hjxOFlL.jpg,61d1hjxOFlL.jpg,179080,voltage,44.4 volt
https://m.media-amazon.com/images/I/517OvjYOxtL.jpg,517OvjYOxtL.jpg,709627,voltage,1.2 volt
https://m.media-amazon.com/images/I/71v2FwNLoHL.jpg,71v2FwNLoHL.jpg,271537,voltage,12.6 volt
https://m.media-amazon.com/images/I/51ua8CA18FL.jpg,51ua8CA18FL.jpg,752266,voltage,"[220.0, 240.0] volt"
https://m.media-amazon.com/images/I/61YE-xVoP3L.jpg,61YE-xVoP3L.jpg,752266,voltage,"[85.0, 265.0] volt"
https://m.media-amazon.com/images/I/71KbKgRpAuL.jpg,71KbKgRpAuL.jpg,752266,voltage,24.0 volt
https://m.media-amazon.com/images/I/61UuPBotgzL.jpg,61UuPBotgzL.jpg,271537,voltage,12.0 volt
https://m.media-amazon.com/images/I/81fTEiM48cL.jpg,81fTEiM48cL.jpg,641642,voltage,5.0 volt
https://m.media-amazon.com/images/I/71T4kPRAJ7L.jpg,71T4kPRAJ7L.jpg,860821,voltage,5.0 volt
https://m.media-amazon.com/images/I/617ijLqMv7L.jpg,617ijLqMv7L.jpg,860821,voltage,5.0 volt
https://m.media-amazon.com/images/I/71sp20hvsgL.jpg,71sp20hvsgL.jpg,179080,voltage,48.0 volt
https://m.media-amazon.com/images/I/8180YNGHBpL.jpg,8180YNGHBpL.jpg,709627,voltage,60.0 volt
https://m.media-amazon.com/images/I/81B1uha9LKL.jpg,81B1uha9LKL.jpg,648011,voltage,5.0 volt
https://m.media-amazon.com/images/I/61if0sAXadL.jpg,61if0sAXadL.jpg,271537,voltage,230.0 volt
https://m.media-amazon.com/images/I/61ebCDsIiGL.jpg,61ebCDsIiGL.jpg,641642,voltage,5.0 volt
https://m.media-amazon.com/images/I/51GBu9rkHdL.jpg,51GBu9rkHdL.jpg,709627,voltage,11.1 volt
https://m.media-amazon.com/images/I/51JVuFF6jCL.jpg,51JVuFF6jCL.jpg,271537,voltage,"[220.0, 240.0] volt"
https://m.media-amazon.com/images/I/71Mrjnh3VWL.jpg,71Mrjnh3VWL.jpg,179080,voltage,48.0 volt
https://m.media-amazon.com/images/I/71f79RFN1gL.jpg,71f79RFN1gL.jpg,709627,voltage,11.1 volt
https://m.media-amazon.com/images/I/61XbXgA1YwS.jpg,61XbXgA1YwS.jpg,271537,voltage,"[220.0, 240.0] volt"
https://m.media-amazon.com/images/I/71-Bxikzx7L.jpg,71-Bxikzx7L.jpg,179080,voltage,36.0 volt
https://m.media-amazon.com/images/I/51Na+Ym6mrL.jpg,51Na+Ym6mrL.jpg,179080,wattage,250.0 watt
https://m.media-amazon.com/images/I/712xVfULgzL.jpg,712xVfULgzL.jpg,752266,wattage,100.0 watt
https://m.media-amazon.com/images/I/51m-AlhTa0L.jpg,51m-AlhTa0L.jpg,318770,wattage,9.0 watt
https://m.media-amazon.com/images/I/71dJNiktQhL.jpg,71dJNiktQhL.jpg,179080,wattage,250.0 watt
https://m.media-amazon.com/images/I/518chMFNoYL.jpg,518chMFNoYL.jpg,752266,wattage,324.0 watt
https://m.media-amazon.com/images/I/4155-mT5dHL.jpg,4155-mT5dHL.jpg,318770,wattage,65.0 watt
https://m.media-amazon.com/images/I/71X1t5tyrFL.jpg,71X1t5tyrFL.jpg,318770,wattage,240.0 watt
https://m.media-amazon.com/images/I/71IiCkHLRUL.jpg,71IiCkHLRUL.jpg,211213,wattage,8.0 watt
https://m.media-amazon.com/images/I/61kh4EsIp+L.jpg,61kh4EsIp+L.jpg,752266,wattage,10.0 watt
https://m.media-amazon.com/images/I/71b96sXHV9L.jpg,71b96sXHV9L.jpg,752266,wattage,20.0 watt
https://m.media-amazon.com/images/I/711ujGTBCPL.jpg,711ujGTBCPL.jpg,752266,wattage,50.0 watt
https://m.media-amazon.com/images/I/61R6sdETX9L.jpg,61R6sdETX9L.jpg,752266,wattage,60.0 watt
https://m.media-amazon.com/images/I/61vgoVAbq6S.jpg,61vgoVAbq6S.jpg,752266,wattage,48.0 watt
https://m.media-amazon.com/images/I/71ZjN3BvS2L.jpg,71ZjN3BvS2L.jpg,641642,wattage,100.0 watt
https://m.media-amazon.com/images/I/71fQJu8uexL.jpg,71fQJu8uexL.jpg,124643,wattage,11.0 watt
https://m.media-amazon.com/images/I/81DgMV1e5rL.jpg,81DgMV1e5rL.jpg,318770,wattage,100.0 watt
https://m.media-amazon.com/images/I/616xgAf6b7L.jpg,616xgAf6b7L.jpg,318770,wattage,18.0 watt
https://m.media-amazon.com/images/I/71+njLByDLL.jpg,71+njLByDLL.jpg,318770,wattage,25.0 watt
https://m.media-amazon.com/images/I/61Yv23aN4yL.jpg,61Yv23aN4yL.jpg,318770,wattage,18.0 watt
https://m.media-amazon.com/images/I/71fOnNOm+tL.jpg,71fOnNOm+tL.jpg,179080,wattage,88.0 watt
https://m.media-amazon.com/images/I/51SuMnlmjGL.jpg,51SuMnlmjGL.jpg,752266,wattage,122.0 watt
https://m.media-amazon.com/images/I/81KLea4yP4L.jpg,81KLea4yP4L.jpg,752266,wattage,5.0 watt
https://m.media-amazon.com/images/I/71erktqfZOL.jpg,71erktqfZOL.jpg,892291,wattage,58.0 watt
https://m.media-amazon.com/images/I/81jeUUIWF9L.jpg,81jeUUIWF9L.jpg,318770,wattage,2160.0 horsepower
https://m.media-amazon.com/images/I/61YmdedqkHL.jpg,61YmdedqkHL.jpg,752266,wattage,40.0 watt
https://m.media-amazon.com/images/I/81yyQ0e8YqL.jpg,81yyQ0e8YqL.jpg,318770,wattage,240.0 watt
https://m.media-amazon.com/images/I/4102z0VMs2L.jpg,4102z0VMs2L.jpg,416664,wattage,1000.0 watt
https://m.media-amazon.com/images/I/71M4yC9kLaL.jpg,71M4yC9kLaL.jpg,752266,wattage,152.0 watt
https://m.media-amazon.com/images/I/816xvDKGhmL.jpg,816xvDKGhmL.jpg,179080,wattage,1000.0 watt
https://m.media-amazon.com/images/I/71K0mjibwwL.jpg,71K0mjibwwL.jpg,752266,wattage,12.0 watt
https://m.media-amazon.com/images/I/711va4y034L.jpg,711va4y034L.jpg,416664,wattage,35.0 watt
https://m.media-amazon.com/images/I/713uND39MXL.jpg,713uND39MXL.jpg,752266,wattage,15.0 watt
https://m.media-amazon.com/images/I/619ivWf2YES.jpg,619ivWf2YES.jpg,179080,wattage,500.0 watt
https://m.media-amazon.com/images/I/81N7jlkcJiL.jpg,81N7jlkcJiL.jpg,752266,wattage,60.0 watt
https://m.media-amazon.com/images/I/71aaX-5BccL.jpg,71aaX-5BccL.jpg,318770,wattage,240.0 watt
https://m.media-amazon.com/images/I/71ljzAmrv2L.jpg,71ljzAmrv2L.jpg,318770,wattage,140.0 watt
https://m.media-amazon.com/images/I/619dPHLlEDL.jpg,619dPHLlEDL.jpg,892291,wattage,10.5 watt
https://m.media-amazon.com/images/I/71LQZAQ4s7L.jpg,71LQZAQ4s7L.jpg,752266,wattage,200.0 watt
https://m.media-amazon.com/images/I/61ifu2S7Z5L.jpg,61ifu2S7Z5L.jpg,752266,wattage,4.0 watt
https://m.media-amazon.com/images/I/71Qrv5Yzf1L.jpg,71Qrv5Yzf1L.jpg,318770,wattage,1080.0 horsepower
https://m.media-amazon.com/images/I/81fXakFSFKL.jpg,81fXakFSFKL.jpg,752266,wattage,2.5 watt
https://m.media-amazon.com/images/I/71u42XeZhuL.jpg,71u42XeZhuL.jpg,318770,wattage,100.0 watt
https://m.media-amazon.com/images/I/316WwdeOqlL.jpg,316WwdeOqlL.jpg,752266,wattage,35.0 watt
https://m.media-amazon.com/images/I/71CREPbD4cL.jpg,71CREPbD4cL.jpg,752266,wattage,100.0 watt
https://m.media-amazon.com/images/I/71Yeh6bFWSL.jpg,71Yeh6bFWSL.jpg,318770,wattage,100.0 watt
https://m.media-amazon.com/images/I/61dEcQd5EEL.jpg,61dEcQd5EEL.jpg,407921,wattage,0.0 watt
https://m.media-amazon.com/images/I/71sw7pUqbmL.jpg,71sw7pUqbmL.jpg,318770,wattage,18.0 watt
https://m.media-amazon.com/images/I/81j3J-MvUmL.jpg,81j3J-MvUmL.jpg,318770,wattage,100.0 watt
https://m.media-amazon.com/images/I/71uDg6imMPL.jpg,71uDg6imMPL.jpg,892291,wattage,20.0 watt
https://m.media-amazon.com/images/I/71m5euxapjL.jpg,71m5euxapjL.jpg,179080,wattage,0.0 watt
https://m.media-amazon.com/images/I/81pozXbEnTL.jpg,81pozXbEnTL.jpg,179080,wattage,250.0 watt
https://m.media-amazon.com/images/I/71lag2DRsNL.jpg,71lag2DRsNL.jpg,179080,wattage,250.0 watt
https://m.media-amazon.com/images/I/51SIV7yDMDL.jpg,51SIV7yDMDL.jpg,892291,wattage,5.0 watt
https://m.media-amazon.com/images/I/61GKVH2EwFL.jpg,61GKVH2EwFL.jpg,641642,wattage,73843.0 watt
https://m.media-amazon.com/images/I/71WQipc8FmL.jpg,71WQipc8FmL.jpg,957050,wattage,17.0 horsepower
https://m.media-amazon.com/images/I/71beQcHFQkL.jpg,71beQcHFQkL.jpg,752266,wattage,1.5 watt
https://m.media-amazon.com/images/I/71l2ImbHqSL.jpg,71l2ImbHqSL.jpg,318770,wattage,18.0 watt
https://m.media-amazon.com/images/I/61Pz8HdcF1L.jpg,61Pz8HdcF1L.jpg,752266,wattage,9.0 watt
https://m.media-amazon.com/images/I/81YItMNNonL.jpg,81YItMNNonL.jpg,752266,wattage,12.0 watt
https://m.media-amazon.com/images/I/51ZcYLsKimL.jpg,51ZcYLsKimL.jpg,752266,wattage,50.0 watt
https://m.media-amazon.com/images/I/71Wmro-Mc9L.jpg,71Wmro-Mc9L.jpg,955292,wattage,120.0 watt
https://m.media-amazon.com/images/I/71WTa5p4BvL.jpg,71WTa5p4BvL.jpg,318770,wattage,60.0 watt
https://m.media-amazon.com/images/I/51ROcG4XTkL.jpg,51ROcG4XTkL.jpg,752266,wattage,45.0 watt
https://m.media-amazon.com/images/I/71lJ2pcZt2L.jpg,71lJ2pcZt2L.jpg,318770,wattage,60.0 watt
https://m.media-amazon.com/images/I/41j+F8ieJwL.jpg,41j+F8ieJwL.jpg,752266,wattage,10.0 watt
https://m.media-amazon.com/images/I/61dT+wiM0GL.jpg,61dT+wiM0GL.jpg,983323,wattage,12025.0 watt
https://m.media-amazon.com/images/I/51FQ+HG2MML.jpg,51FQ+HG2MML.jpg,860821,wattage,5.0 watt
https://m.media-amazon.com/images/I/71tz7RWzT8L.jpg,71tz7RWzT8L.jpg,318770,wattage,240.0 watt
https://m.media-amazon.com/images/I/81uceJOpuIL.jpg,81uceJOpuIL.jpg,179080,wattage,750.0 watt
https://m.media-amazon.com/images/I/719ky7Yj9KL.jpg,719ky7Yj9KL.jpg,276700,wattage,900.0 watt
https://m.media-amazon.com/images/I/71lHpFoo8PL.jpg,71lHpFoo8PL.jpg,752266,wattage,25.0 watt
https://m.media-amazon.com/images/I/71U43-H-SOL.jpg,71U43-H-SOL.jpg,860821,wattage,60.0 watt
https://m.media-amazon.com/images/I/71811iQ27CL.jpg,71811iQ27CL.jpg,318770,wattage,100.0 watt
https://m.media-amazon.com/images/I/61ky8kUSDxL.jpg,61ky8kUSDxL.jpg,318770,wattage,90.0 watt
https://m.media-amazon.com/images/I/61LhpnI+y4L.jpg,61LhpnI+y4L.jpg,752266,wattage,30.0 watt
https://m.media-amazon.com/images/I/61eAMsivRlL.jpg,61eAMsivRlL.jpg,752266,wattage,45.0 watt
https://m.media-amazon.com/images/I/81rQCclTFGL.jpg,81rQCclTFGL.jpg,892291,wattage,39.0 watt
https://m.media-amazon.com/images/I/61c7bK0qveL.jpg,61c7bK0qveL.jpg,318770,wattage,240.0 watt
https://m.media-amazon.com/images/I/51UkqgDjm1L.jpg,51UkqgDjm1L.jpg,752266,wattage,90.0 watt
https://m.media-amazon.com/images/I/71+LTd8FSVL.jpg,71+LTd8FSVL.jpg,955292,wattage,1080.0 horsepower
https://m.media-amazon.com/images/I/61ATalaDhjL.jpg,61ATalaDhjL.jpg,179080,wattage,1000.0 watt
https://m.media-amazon.com/images/I/617R0CqpsWL.jpg,617R0CqpsWL.jpg,955292,wattage,8.0 watt
https://m.media-amazon.com/images/I/71pywP1gcGL.jpg,71pywP1gcGL.jpg,318770,wattage,3.0 watt
https://m.media-amazon.com/images/I/61BMmDbNW8L.jpg,61BMmDbNW8L.jpg,641642,wattage,1500.0 watt
https://m.media-amazon.com/images/I/61DF-dn79sL.jpg,61DF-dn79sL.jpg,892291,wattage,15.5 watt
https://m.media-amazon.com/images/I/71vSKLNBkpL.jpg,71vSKLNBkpL.jpg,416664,wattage,0.5 watt
https://m.media-amazon.com/images/I/71BUqDADrWL.jpg,71BUqDADrWL.jpg,318770,wattage,240.0 watt
https://m.media-amazon.com/images/I/91YJS1Nf2OL.jpg,91YJS1Nf2OL.jpg,746096,wattage,50.0 watt
https://m.media-amazon.com/images/I/61pxinKTm4L.jpg,61pxinKTm4L.jpg,318770,wattage,240.0 watt
https://m.media-amazon.com/images/I/711NuQY0hhL.jpg,711NuQY0hhL.jpg,752266,wattage,60.0 watt
https://m.media-amazon.com/images/I/71N2O45HzEL.jpg,71N2O45HzEL.jpg,752266,wattage,24.0 watt
https://m.media-amazon.com/images/I/71NuOs5mWwL.jpg,71NuOs5mWwL.jpg,318770,wattage,100.0 watt
https://m.media-amazon.com/images/I/71sLEvc022L.jpg,71sLEvc022L.jpg,318770,wattage,100.0 watt
https://m.media-amazon.com/images/I/71bVO5YRe-L.jpg,71bVO5YRe-L.jpg,318770,wattage,1875.0 watt
https://m.media-amazon.com/images/I/81UcgwAacsL.jpg,81UcgwAacsL.jpg,892291,wattage,180.0 watt
https://m.media-amazon.com/images/I/813o+7975wL.jpg,813o+7975wL.jpg,955292,wattage,60.0 watt
https://m.media-amazon.com/images/I/71E-4AT6S2L.jpg,71E-4AT6S2L.jpg,318770,wattage,18.0 watt
https://m.media-amazon.com/images/I/51aqh-nA1gL.jpg,51aqh-nA1gL.jpg,752266,wattage,40.0 watt
https://m.media-amazon.com/images/I/71V56KK96FL.jpg,71V56KK96FL.jpg,860821,wattage,4.5 watt
https://m.media-amazon.com/images/I/71vLM8IoL5L.jpg,71vLM8IoL5L.jpg,318770,wattage,100.0 watt
https://m.media-amazon.com/images/I/4161b0cqrjL.jpg,4161b0cqrjL.jpg,318770,wattage,65.0 watt
https://m.media-amazon.com/images/I/715ye5N14JL.jpg,715ye5N14JL.jpg,124643,wattage,160.0 watt
https://m.media-amazon.com/images/I/61IX0AznW8L.jpg,61IX0AznW8L.jpg,318770,wattage,4.1 watt
https://m.media-amazon.com/images/I/71x2tLxf86L.jpg,71x2tLxf86L.jpg,318770,wattage,40.0 watt
https://m.media-amazon.com/images/I/71W1pWWoKhL.jpg,71W1pWWoKhL.jpg,179080,wattage,72.0 watt
https://m.media-amazon.com/images/I/71VXm3+AZ5L.jpg,71VXm3+AZ5L.jpg,318770,wattage,66.0 watt
https://m.media-amazon.com/images/I/717GY6QGZoL.jpg,717GY6QGZoL.jpg,752266,wattage,5.0 watt
https://m.media-amazon.com/images/I/61HN8G8w7FL.jpg,61HN8G8w7FL.jpg,179080,wattage,250.0 watt
https://m.media-amazon.com/images/I/619yfbxLNeL.jpg,619yfbxLNeL.jpg,955292,wattage,60.0 watt
https://m.media-amazon.com/images/I/51FSLGPSneL.jpg,51FSLGPSneL.jpg,318770,wattage,120.0 watt
https://m.media-amazon.com/images/I/71OmuAqAGEL.jpg,71OmuAqAGEL.jpg,318770,wattage,40.0 watt
https://m.media-amazon.com/images/I/71TSgGhzh7S.jpg,71TSgGhzh7S.jpg,318770,wattage,11801.0 watt
https://m.media-amazon.com/images/I/7115kGR4w8L.jpg,7115kGR4w8L.jpg,983323,wattage,150.0 watt
https://m.media-amazon.com/images/I/71IM+QQl51L.jpg,71IM+QQl51L.jpg,318770,wattage,65.0 watt
https://m.media-amazon.com/images/I/51bnIzr1PML.jpg,51bnIzr1PML.jpg,276700,wattage,2200.0 watt
https://m.media-amazon.com/images/I/41j8LHQ7lwL.jpg,41j8LHQ7lwL.jpg,416664,wattage,47.0 watt
https://m.media-amazon.com/images/I/714yxMDSU4L.jpg,714yxMDSU4L.jpg,318770,wattage,550.0 watt
https://m.media-amazon.com/images/I/61ZeMS5wclL.jpg,61ZeMS5wclL.jpg,318770,wattage,1080.0 horsepower
https://m.media-amazon.com/images/I/91gFYj0mSJL.jpg,91gFYj0mSJL.jpg,318770,wattage,1.0 watt
https://m.media-amazon.com/images/I/41fX-OWziML.jpg,41fX-OWziML.jpg,752266,wattage,54.0 watt
https://m.media-amazon.com/images/I/61L9-e8PScS.jpg,61L9-e8PScS.jpg,752266,wattage,60.0 watt
https://m.media-amazon.com/images/I/71O4OM2BlmL.jpg,71O4OM2BlmL.jpg,892291,wattage,35.0 watt
https://m.media-amazon.com/images/I/51bjlQUHSEL.jpg,51bjlQUHSEL.jpg,752266,wattage,12.0 watt
https://m.media-amazon.com/images/I/51cbhe132EL.jpg,51cbhe132EL.jpg,648011,wattage,"[230.0, 280.0] watt"
https://m.media-amazon.com/images/I/61vGjEV7wCL.jpg,61vGjEV7wCL.jpg,416664,wattage,70.0 watt
https://m.media-amazon.com/images/I/51iWx2s44AL.jpg,51iWx2s44AL.jpg,966983,width,40.0 centimetre
https://m.media-amazon.com/images/I/619jNFSyzGL.jpg,619jNFSyzGL.jpg,763916,width,60.0 centimetre
https://m.media-amazon.com/images/I/51dxN-6+c4L.jpg,51dxN-6+c4L.jpg,536334,width,3.0 inch
https://m.media-amazon.com/images/I/61-S+WHMY1L.jpg,61-S+WHMY1L.jpg,208023,width,16.5 centimetre
https://m.media-amazon.com/images/I/51piWeoJSIL.jpg,51piWeoJSIL.jpg,146860,width,8.6 centimetre
https://m.media-amazon.com/images/I/51zTlQ23CgL.jpg,51zTlQ23CgL.jpg,846116,width,0.59 inch
https://m.media-amazon.com/images/I/51dpTgS3DYL.jpg,51dpTgS3DYL.jpg,638301,width,9.25 inch
https://m.media-amazon.com/images/I/51UwymbXtkL.jpg,51UwymbXtkL.jpg,120219,width,22.0 centimetre
https://m.media-amazon.com/images/I/41i9buD36UL.jpg,41i9buD36UL.jpg,150535,width,5.0 inch
https://m.media-amazon.com/images/I/61C+7Nw5RnL.jpg,61C+7Nw5RnL.jpg,801829,width,70.0 centimetre
https://m.media-amazon.com/images/I/51C-E6fWdKS.jpg,51C-E6fWdKS.jpg,119607,width,6.2 inch
https://m.media-amazon.com/images/I/51Zh-AwtN2L.jpg,51Zh-AwtN2L.jpg,362818,width,15.0 centimetre
https://m.media-amazon.com/images/I/51aWxxjZT2L.jpg,51aWxxjZT2L.jpg,292475,width,8.7 centimetre
https://m.media-amazon.com/images/I/618kaa0ITuL.jpg,618kaa0ITuL.jpg,119607,width,18.0 inch
https://m.media-amazon.com/images/I/51ehdFL-aJL.jpg,51ehdFL-aJL.jpg,744541,width,21.0 inch
https://m.media-amazon.com/images/I/518Ty-YkyTL.jpg,518Ty-YkyTL.jpg,524117,width,7.1 inch
https://m.media-amazon.com/images/I/6196bwX93DL.jpg,6196bwX93DL.jpg,174276,width,1.4 inch
https://m.media-amazon.com/images/I/51QAmiraOLL.jpg,51QAmiraOLL.jpg,558806,width,4.5 centimetre
https://m.media-amazon.com/images/I/51GYtjTRJaL.jpg,51GYtjTRJaL.jpg,107694,width,13.0 centimetre
https://m.media-amazon.com/images/I/51MaeBs2faL.jpg,51MaeBs2faL.jpg,430434,width,62.5 millimetre
https://m.media-amazon.com/images/I/51xu9OazL4L.jpg,51xu9OazL4L.jpg,311997,width,12.0 inch
https://m.media-amazon.com/images/I/41nUa-4O5fL.jpg,41nUa-4O5fL.jpg,524117,width,18.0 centimetre
https://m.media-amazon.com/images/I/51ev2M22fSL.jpg,51ev2M22fSL.jpg,630877,width,125.0 millimetre
https://m.media-amazon.com/images/I/41k7G4BIHBL.jpg,41k7G4BIHBL.jpg,258617,width,6.0 millimetre
https://m.media-amazon.com/images/I/51ZoHrFAB9L.jpg,51ZoHrFAB9L.jpg,311997,width,12.0 inch
https://m.media-amazon.com/images/I/51Bf8CcvUCL.jpg,51Bf8CcvUCL.jpg,470067,width,560.0 millimetre
https://m.media-amazon.com/images/I/51T0aspgabL.jpg,51T0aspgabL.jpg,365756,width,2.8 inch
https://m.media-amazon.com/images/I/41bKW7vV1FS.jpg,41bKW7vV1FS.jpg,180726,width,23.0 millimetre
https://m.media-amazon.com/images/I/61+3LWLBErL.jpg,61+3LWLBErL.jpg,611510,width,17.0 inch
https://m.media-amazon.com/images/I/51EcxUOktmL.jpg,51EcxUOktmL.jpg,536334,width,6.0 centimetre
https://m.media-amazon.com/images/I/51fKRLRxOnL.jpg,51fKRLRxOnL.jpg,347404,width,56.0 centimetre
https://m.media-amazon.com/images/I/51rekS9tNZL.jpg,51rekS9tNZL.jpg,658003,width,6.0 inch
https://m.media-amazon.com/images/I/51r5b3inZkL.jpg,51r5b3inZkL.jpg,801829,width,20.47 inch
https://m.media-amazon.com/images/I/51AbXW5cQgL.jpg,51AbXW5cQgL.jpg,877667,width,12.5 centimetre
https://m.media-amazon.com/images/I/51z6Ax43IFL.jpg,51z6Ax43IFL.jpg,131797,width,25.0 millimetre
https://m.media-amazon.com/images/I/614zYUhfmjL.jpg,614zYUhfmjL.jpg,784538,width,51.0 inch
https://m.media-amazon.com/images/I/514aS6Lbl3L.jpg,514aS6Lbl3L.jpg,683885,width,1.0 inch
https://m.media-amazon.com/images/I/51buf4zVxeL.jpg,51buf4zVxeL.jpg,358831,width,11.0 centimetre
https://m.media-amazon.com/images/I/51LDoNwgnsL.jpg,51LDoNwgnsL.jpg,675317,width,24.0 millimetre
https://m.media-amazon.com/images/I/51wGQ+lxSeL.jpg,51wGQ+lxSeL.jpg,464488,width,8.2 centimetre
https://m.media-amazon.com/images/I/617UIIdZSWL.jpg,617UIIdZSWL.jpg,156839,width,1.9 inch
https://m.media-amazon.com/images/I/61BFaZ7OfXL.jpg,61BFaZ7OfXL.jpg,627989,width,23.49 centimetre
https://m.media-amazon.com/images/I/51b2ldAUq4L.jpg,51b2ldAUq4L.jpg,312608,width,4.0 foot
https://m.media-amazon.com/images/I/61EQB+NDafL.jpg,61EQB+NDafL.jpg,488883,width,16.14 inch
https://m.media-amazon.com/images/I/617g+QMELAL.jpg,617g+QMELAL.jpg,667819,width,15.0 centimetre
https://m.media-amazon.com/images/I/41es1uq+zyL.jpg,41es1uq+zyL.jpg,658892,width,0.99 inch
https://m.media-amazon.com/images/I/51GjfmE3ebL.jpg,51GjfmE3ebL.jpg,510899,width,32.5 centimetre
https://m.media-amazon.com/images/I/614sfbdI68L.jpg,614sfbdI68L.jpg,612552,width,70.0 centimetre
https://m.media-amazon.com/images/I/61COQv1Yj0L.jpg,61COQv1Yj0L.jpg,916768,width,3.8 inch
https://m.media-amazon.com/images/I/51BI9QBslQL.jpg,51BI9QBslQL.jpg,119607,width,26.0 inch
https://m.media-amazon.com/images/I/51VXq1iJt6L.jpg,51VXq1iJt6L.jpg,725915,width,3.5 inch
https://m.media-amazon.com/images/I/612hTt+-1NL.jpg,612hTt+-1NL.jpg,640408,width,3.56 inch
https://m.media-amazon.com/images/I/51lJgmhZw1L.jpg,51lJgmhZw1L.jpg,478357,width,38.0 centimetre
https://m.media-amazon.com/images/I/51Ux2FYrqEL.jpg,51Ux2FYrqEL.jpg,277856,width,44.0 centimetre
https://m.media-amazon.com/images/I/61+aOqxg1OL.jpg,61+aOqxg1OL.jpg,713791,width,2.0 inch
https://m.media-amazon.com/images/I/51xHYPvdbXL.jpg,51xHYPvdbXL.jpg,730429,width,9.0 centimetre
https://m.media-amazon.com/images/I/51TVRB2NT7L.jpg,51TVRB2NT7L.jpg,119607,width,7.87 inch
https://m.media-amazon.com/images/I/6145OocBwXL.jpg,6145OocBwXL.jpg,311997,width,17.0 inch
https://m.media-amazon.com/images/I/51+yHOOX2IL.jpg,51+yHOOX2IL.jpg,982714,width,2.3 inch
https://m.media-amazon.com/images/I/51j1u+gRyhS.jpg,51j1u+gRyhS.jpg,866516,width,5.6 centimetre
https://m.media-amazon.com/images/I/51HXsULbAdL.jpg,51HXsULbAdL.jpg,653767,width,16.0 inch
https://m.media-amazon.com/images/I/619DEgvo3xL.jpg,619DEgvo3xL.jpg,944936,width,4.25 inch
https://m.media-amazon.com/images/I/51Py6Nlj1nL.jpg,51Py6Nlj1nL.jpg,752266,width,20.0 centimetre
https://m.media-amazon.com/images/I/51EXqVEnoQL.jpg,51EXqVEnoQL.jpg,858439,width,10.8 inch
https://m.media-amazon.com/images/I/51Vty6fKkLL.jpg,51Vty6fKkLL.jpg,150535,width,10.25 inch
https://m.media-amazon.com/images/I/41fpvXh03yL.jpg,41fpvXh03yL.jpg,745488,width,30.0 millimetre
https://m.media-amazon.com/images/I/51uT9Ng4u8L.jpg,51uT9Ng4u8L.jpg,784538,width,8.0 inch
https://m.media-amazon.com/images/I/51h77s+e0rL.jpg,51h77s+e0rL.jpg,932289,width,46.0 centimetre
https://m.media-amazon.com/images/I/51McSh4-B1L.jpg,51McSh4-B1L.jpg,483370,width,16.3 centimetre
https://m.media-amazon.com/images/I/51-QbpvApVL.jpg,51-QbpvApVL.jpg,180410,width,13.0 centimetre
https://m.media-amazon.com/images/I/614YAD9TvaL.jpg,614YAD9TvaL.jpg,675317,width,40.0 millimetre
https://m.media-amazon.com/images/I/61A1joH5-aL.jpg,61A1joH5-aL.jpg,276611,width,32.0 inch
https://m.media-amazon.com/images/I/51h62dwgFkL.jpg,51h62dwgFkL.jpg,675317,width,38.0 millimetre
https://m.media-amazon.com/images/I/51rIhHbXvWL.jpg,51rIhHbXvWL.jpg,347404,width,390.0 millimetre
https://m.media-amazon.com/images/I/51KnKjM4KcS.jpg,51KnKjM4KcS.jpg,416608,width,4.5 centimetre
https://m.media-amazon.com/images/I/51c1FpYfjNL.jpg,51c1FpYfjNL.jpg,931247,width,90.0 centimetre
https://m.media-amazon.com/images/I/51hNr5sn2eL.jpg,51hNr5sn2eL.jpg,675317,width,29.7 millimetre
https://m.media-amazon.com/images/I/51tJs+DkTjL.jpg,51tJs+DkTjL.jpg,524117,width,5.0 inch
https://m.media-amazon.com/images/I/617dS3th9JL.jpg,617dS3th9JL.jpg,965518,width,25.0 millimetre
https://m.media-amazon.com/images/I/61FNYHBHDML.jpg,61FNYHBHDML.jpg,952470,width,2.5 inch
https://m.media-amazon.com/images/I/61-cnAJG2uL.jpg,61-cnAJG2uL.jpg,243137,width,130.0 centimetre
https://m.media-amazon.com/images/I/51KsDHl+NSL.jpg,51KsDHl+NSL.jpg,944936,width,8.0 inch
https://m.media-amazon.com/images/I/61F245c2hCL.jpg,61F245c2hCL.jpg,802198,width,44.5 centimetre
https://m.media-amazon.com/images/I/41g4hvl5QcL.jpg,41g4hvl5QcL.jpg,442321,width,67.13 inch
https://m.media-amazon.com/images/I/51dETh0riWL.jpg,51dETh0riWL.jpg,478357,width,180.0 centimetre
https://m.media-amazon.com/images/I/51-iq7rcUPL.jpg,51-iq7rcUPL.jpg,745387,width,55.0 centimetre
https://m.media-amazon.com/images/I/51D4hcIJTAL.jpg,51D4hcIJTAL.jpg,886344,width,69.0 centimetre
https://m.media-amazon.com/images/I/41EkD0nXusL.jpg,41EkD0nXusL.jpg,594224,width,138.0 millimetre
https://m.media-amazon.com/images/I/61FseOf2MjL.jpg,61FseOf2MjL.jpg,675317,width,22.0 millimetre
https://m.media-amazon.com/images/I/61DvL1VBHTL.jpg,61DvL1VBHTL.jpg,412008,width,45.0 centimetre
https://m.media-amazon.com/images/I/51GWdGjoB5S.jpg,51GWdGjoB5S.jpg,894599,width,2.0 inch
https://m.media-amazon.com/images/I/51IjkrJ8TiL.jpg,51IjkrJ8TiL.jpg,130202,width,4.0 centimetre
https://m.media-amazon.com/images/I/51zmJJRqQxL.jpg,51zmJJRqQxL.jpg,675317,width,2.2 centimetre
https://m.media-amazon.com/images/I/51CX0MP-ldL.jpg,51CX0MP-ldL.jpg,347320,width,27.0 centimetre
https://m.media-amazon.com/images/I/6137JokopWL.jpg,6137JokopWL.jpg,784538,width,25.0 centimetre
https://m.media-amazon.com/images/I/61A1CgguE4L.jpg,61A1CgguE4L.jpg,752266,width,90.0 millimetre
https://m.media-amazon.com/images/I/61-f2eYd4LL.jpg,61-f2eYd4LL.jpg,276611,width,42.0 inch
https://m.media-amazon.com/images/I/6145Q6tBIuS.jpg,6145Q6tBIuS.jpg,978900,width,30.2 centimetre
https://m.media-amazon.com/images/I/510vRvbv94L.jpg,510vRvbv94L.jpg,407921,width,16.4 inch
https://m.media-amazon.com/images/I/51Nf1vyVP6L.jpg,51Nf1vyVP6L.jpg,478357,width,22.0 inch
https://m.media-amazon.com/images/I/51iKkMypkhL.jpg,51iKkMypkhL.jpg,955522,width,6.5 centimetre
https://m.media-amazon.com/images/I/51ciTXXoI8L.jpg,51ciTXXoI8L.jpg,589105,width,12.0 centimetre
https://m.media-amazon.com/images/I/51P-73yPyiL.jpg,51P-73yPyiL.jpg,721522,width,25.0 centimetre
https://m.media-amazon.com/images/I/61+ADV8Yc2L.jpg,61+ADV8Yc2L.jpg,141308,width,11.0 inch
https://m.media-amazon.com/images/I/51m+SIHbeuS.jpg,51m+SIHbeuS.jpg,858439,width,5.5 centimetre
https://m.media-amazon.com/images/I/51RHXcPuYLL.jpg,51RHXcPuYLL.jpg,470067,width,6.6 centimetre
https://m.media-amazon.com/images/I/51hwiKVGi+L.jpg,51hwiKVGi+L.jpg,156839,width,7.0 centimetre
https://m.media-amazon.com/images/I/6146mojqi2L.jpg,6146mojqi2L.jpg,459271,width,31.49 inch
https://m.media-amazon.com/images/I/616IIczg9jL.jpg,616IIczg9jL.jpg,931247,width,120.0 centimetre
https://m.media-amazon.com/images/I/41FKfWruWTL.jpg,41FKfWruWTL.jpg,941818,width,2.4 inch
https://m.media-amazon.com/images/I/612UyTRbvdL.jpg,612UyTRbvdL.jpg,927180,width,80.0 millimetre
https://m.media-amazon.com/images/I/51qEeJIex7L.jpg,51qEeJIex7L.jpg,781426,width,28.0 inch
https://m.media-amazon.com/images/I/51dMiQ02koL.jpg,51dMiQ02koL.jpg,675317,width,32.0 millimetre
https://m.media-amazon.com/images/I/61-dPQg+yzL.jpg,61-dPQg+yzL.jpg,478357,width,51.18 inch
https://m.media-amazon.com/images/I/51E2F+jDh4L.jpg,51E2F+jDh4L.jpg,918186,width,375.0 millimetre
https://m.media-amazon.com/images/I/510GG8fWbFL.jpg,510GG8fWbFL.jpg,276611,width,31.5 inch
https://m.media-amazon.com/images/I/41Btu9V8BGL.jpg,41Btu9V8BGL.jpg,675317,width,16.0 millimetre
https://m.media-amazon.com/images/I/61FVajxvQVL.jpg,61FVajxvQVL.jpg,173193,width,6.0 centimetre
https://m.media-amazon.com/images/I/41nQMGbN-4S.jpg,41nQMGbN-4S.jpg,237000,width,70.0 centimetre
https://m.media-amazon.com/images/I/61EUoyRDdML.jpg,61EUoyRDdML.jpg,725915,width,6.0 centimetre
https://m.media-amazon.com/images/I/51X7qL-OwdL.jpg,51X7qL-OwdL.jpg,724384,width,10.5 centimetre
https://m.media-amazon.com/images/I/51PKksGSqbL.jpg,51PKksGSqbL.jpg,816782,width,24.0 inch
https://m.media-amazon.com/images/I/61+PHyb6B5L.jpg,61+PHyb6B5L.jpg,442321,width,31.5 inch
https://m.media-amazon.com/images/I/61CMXotZNxL.jpg,61CMXotZNxL.jpg,861555,width,5.0 inch
https://m.media-amazon.com/images/I/51Dp7ebA1hL.jpg,51Dp7ebA1hL.jpg,903603,width,1.6 inch
